CAL_YMD,CAL_YEAR,CAL_WEEK,Year_Week
20070101,2007,1,200701
20070102,2007,1,200701
20070103,2007,1,200701
20070104,2007,1,200701
20070105,2007,1,200701
20070106,2007,1,200701
20070107,2007,2,200702
20070108,2007,2,200702
20070109,2007,2,200702
20070110,2007,2,200702
20070111,2007,2,200702
20070112,2007,2,200702
20070113,2007,2,200702
20070114,2007,3,200703
20070115,2007,3,200703
20070116,2007,3,200703
20070117,2007,3,200703
20070118,2007,3,200703
20070119,2007,3,200703
20070120,2007,3,200703
20070121,2007,4,200704
20070122,2007,4,200704
20070123,2007,4,200704
20070124,2007,4,200704
20070125,2007,4,200704
20070126,2007,4,200704
20070127,2007,4,200704
20070128,2007,5,200705
20070129,2007,5,200705
20070130,2007,5,200705
20070131,2007,5,200705
20070201,2007,5,200705
20070202,2007,5,200705
20070203,2007,5,200705
20070204,2007,6,200706
20070205,2007,6,200706
20070206,2007,6,200706
20070207,2007,6,200706
20070208,2007,6,200706
20070209,2007,6,200706
20070210,2007,6,200706
20070211,2007,7,200707
20070212,2007,7,200707
20070213,2007,7,200707
20070214,2007,7,200707
20070215,2007,7,200707
20070216,2007,7,200707
20070217,2007,7,200707
20070218,2007,8,200708
20070219,2007,8,200708
20070220,2007,8,200708
20070221,2007,8,200708
20070222,2007,8,200708
20070223,2007,8,200708
20070224,2007,8,200708
20070225,2007,9,200709
20070226,2007,9,200709
20070227,2007,9,200709
20070228,2007,9,200709
20070301,2007,9,200709
20070302,2007,9,200709
20070303,2007,9,200709
20070304,2007,10,200710
20070305,2007,10,200710
20070306,2007,10,200710
20070307,2007,10,200710
20070308,2007,10,200710
20070309,2007,10,200710
20070310,2007,10,200710
20070311,2007,11,200711
20070312,2007,11,200711
20070313,2007,11,200711
20070314,2007,11,200711
20070315,2007,11,200711
20070316,2007,11,200711
20070317,2007,11,200711
20070318,2007,12,200712
20070319,2007,12,200712
20070320,2007,12,200712
20070321,2007,12,200712
20070322,2007,12,200712
20070323,2007,12,200712
20070324,2007,12,200712
20070325,2007,13,200713
20070326,2007,13,200713
20070327,2007,13,200713
20070328,2007,13,200713
20070329,2007,13,200713
20070330,2007,13,200713
20070331,2007,13,200713
20070401,2007,14,200714
20070402,2007,14,200714
20070403,2007,14,200714
20070404,2007,14,200714
20070405,2007,14,200714
20070406,2007,14,200714
20070407,2007,14,200714
20070408,2007,15,200715
20070409,2007,15,200715
20070410,2007,15,200715
20070411,2007,15,200715
20070412,2007,15,200715
20070413,2007,15,200715
20070414,2007,15,200715
20070415,2007,16,200716
20070416,2007,16,200716
20070417,2007,16,200716
20070418,2007,16,200716
20070419,2007,16,200716
20070420,2007,16,200716
20070421,2007,16,200716
20070422,2007,17,200717
20070423,2007,17,200717
20070424,2007,17,200717
20070425,2007,17,200717
20070426,2007,17,200717
20070427,2007,17,200717
20070428,2007,17,200717
20070429,2007,18,200718
20070430,2007,18,200718
20070501,2007,18,200718
20070502,2007,18,200718
20070503,2007,18,200718
20070504,2007,18,200718
20070505,2007,18,200718
20070506,2007,19,200719
20070507,2007,19,200719
20070508,2007,19,200719
20070509,2007,19,200719
20070510,2007,19,200719
20070511,2007,19,200719
20070512,2007,19,200719
20070513,2007,20,200720
20070514,2007,20,200720
20070515,2007,20,200720
20070516,2007,20,200720
20070517,2007,20,200720
20070518,2007,20,200720
20070519,2007,20,200720
20070520,2007,21,200721
20070521,2007,21,200721
20070522,2007,21,200721
20070523,2007,21,200721
20070524,2007,21,200721
20070525,2007,21,200721
20070526,2007,21,200721
20070527,2007,22,200722
20070528,2007,22,200722
20070529,2007,22,200722
20070530,2007,22,200722
20070531,2007,22,200722
20070601,2007,22,200722
20070602,2007,22,200722
20070603,2007,23,200723
20070604,2007,23,200723
20070605,2007,23,200723
20070606,2007,23,200723
20070607,2007,23,200723
20070608,2007,23,200723
20070609,2007,23,200723
20070610,2007,24,200724
20070611,2007,24,200724
20070612,2007,24,200724
20070613,2007,24,200724
20070614,2007,24,200724
20070615,2007,24,200724
20070616,2007,24,200724
20070617,2007,25,200725
20070618,2007,25,200725
20070619,2007,25,200725
20070620,2007,25,200725
20070621,2007,25,200725
20070622,2007,25,200725
20070623,2007,25,200725
20070624,2007,26,200726
20070625,2007,26,200726
20070626,2007,26,200726
20070627,2007,26,200726
20070628,2007,26,200726
20070629,2007,26,200726
20070630,2007,26,200726
20070701,2007,27,200727
20070702,2007,27,200727
20070703,2007,27,200727
20070704,2007,27,200727
20070705,2007,27,200727
20070706,2007,27,200727
20070707,2007,27,200727
20070708,2007,28,200728
20070709,2007,28,200728
20070710,2007,28,200728
20070711,2007,28,200728
20070712,2007,28,200728
20070713,2007,28,200728
20070714,2007,28,200728
20070715,2007,29,200729
20070716,2007,29,200729
20070717,2007,29,200729
20070718,2007,29,200729
20070719,2007,29,200729
20070720,2007,29,200729
20070721,2007,29,200729
20070722,2007,30,200730
20070723,2007,30,200730
20070724,2007,30,200730
20070725,2007,30,200730
20070726,2007,30,200730
20070727,2007,30,200730
20070728,2007,30,200730
20070729,2007,31,200731
20070730,2007,31,200731
20070731,2007,31,200731
20070801,2007,31,200731
20070802,2007,31,200731
20070803,2007,31,200731
20070804,2007,31,200731
20070805,2007,32,200732
20070806,2007,32,200732
20070807,2007,32,200732
20070808,2007,32,200732
20070809,2007,32,200732
20070810,2007,32,200732
20070811,2007,32,200732
20070812,2007,33,200733
20070813,2007,33,200733
20070814,2007,33,200733
20070815,2007,33,200733
20070816,2007,33,200733
20070817,2007,33,200733
20070818,2007,33,200733
20070819,2007,34,200734
20070820,2007,34,200734
20070821,2007,34,200734
20070822,2007,34,200734
20070823,2007,34,200734
20070824,2007,34,200734
20070825,2007,34,200734
20070826,2007,35,200735
20070827,2007,35,200735
20070828,2007,35,200735
20070829,2007,35,200735
20070830,2007,35,200735
20070831,2007,35,200735
20070901,2007,35,200735
20070902,2007,36,200736
20070903,2007,36,200736
20070904,2007,36,200736
20070905,2007,36,200736
20070906,2007,36,200736
20070907,2007,36,200736
20070908,2007,36,200736
20070909,2007,37,200737
20070910,2007,37,200737
20070911,2007,37,200737
20070912,2007,37,200737
20070913,2007,37,200737
20070914,2007,37,200737
20070915,2007,37,200737
20070916,2007,38,200738
20070917,2007,38,200738
20070918,2007,38,200738
20070919,2007,38,200738
20070920,2007,38,200738
20070921,2007,38,200738
20070922,2007,38,200738
20070923,2007,39,200739
20070924,2007,39,200739
20070925,2007,39,200739
20070926,2007,39,200739
20070927,2007,39,200739
20070928,2007,39,200739
20070929,2007,39,200739
20070930,2007,40,200740
20071001,2007,40,200740
20071002,2007,40,200740
20071003,2007,40,200740
20071004,2007,40,200740
20071005,2007,40,200740
20071006,2007,40,200740
20071007,2007,41,200741
20071008,2007,41,200741
20071009,2007,41,200741
20071010,2007,41,200741
20071011,2007,41,200741
20071012,2007,41,200741
20071013,2007,41,200741
20071014,2007,42,200742
20071015,2007,42,200742
20071016,2007,42,200742
20071017,2007,42,200742
20071018,2007,42,200742
20071019,2007,42,200742
20071020,2007,42,200742
20071021,2007,43,200743
20071022,2007,43,200743
20071023,2007,43,200743
20071024,2007,43,200743
20071025,2007,43,200743
20071026,2007,43,200743
20071027,2007,43,200743
20071028,2007,44,200744
20071029,2007,44,200744
20071030,2007,44,200744
20071031,2007,44,200744
20071101,2007,44,200744
20071102,2007,44,200744
20071103,2007,44,200744
20071104,2007,45,200745
20071105,2007,45,200745
20071106,2007,45,200745
20071107,2007,45,200745
20071108,2007,45,200745
20071109,2007,45,200745
20071110,2007,45,200745
20071111,2007,46,200746
20071112,2007,46,200746
20071113,2007,46,200746
20071114,2007,46,200746
20071115,2007,46,200746
20071116,2007,46,200746
20071117,2007,46,200746
20071118,2007,47,200747
20071119,2007,47,200747
20071120,2007,47,200747
20071121,2007,47,200747
20071122,2007,47,200747
20071123,2007,47,200747
20071124,2007,47,200747
20071125,2007,48,200748
20071126,2007,48,200748
20071127,2007,48,200748
20071128,2007,48,200748
20071129,2007,48,200748
20071130,2007,48,200748
20071201,2007,48,200748
20071202,2007,49,200749
20071203,2007,49,200749
20071204,2007,49,200749
20071205,2007,49,200749
20071206,2007,49,200749
20071207,2007,49,200749
20071208,2007,49,200749
20071209,2007,50,200750
20071210,2007,50,200750
20071211,2007,50,200750
20071212,2007,50,200750
20071213,2007,50,200750
20071214,2007,50,200750
20071215,2007,50,200750
20071216,2007,51,200751
20071217,2007,51,200751
20071218,2007,51,200751
20071219,2007,51,200751
20071220,2007,51,200751
20071221,2007,51,200751
20071222,2007,51,200751
20071223,2007,52,200752
20071224,2007,52,200752
20071225,2007,52,200752
20071226,2007,52,200752
20071227,2007,52,200752
20071228,2007,52,200752
20071229,2007,52,200752
20071230,2008,1,200801
20071231,2008,1,200801
20080101,2008,1,200801
20080102,2008,1,200801
20080103,2008,1,200801
20080104,2008,1,200801
20080105,2008,1,200801
20080106,2008,2,200802
20080107,2008,2,200802
20080108,2008,2,200802
20080109,2008,2,200802
20080110,2008,2,200802
20080111,2008,2,200802
20080112,2008,2,200802
20080113,2008,3,200803
20080114,2008,3,200803
20080115,2008,3,200803
20080116,2008,3,200803
20080117,2008,3,200803
20080118,2008,3,200803
20080119,2008,3,200803
20080120,2008,4,200804
20080121,2008,4,200804
20080122,2008,4,200804
20080123,2008,4,200804
20080124,2008,4,200804
20080125,2008,4,200804
20080126,2008,4,200804
20080127,2008,5,200805
20080128,2008,5,200805
20080129,2008,5,200805
20080130,2008,5,200805
20080131,2008,5,200805
20080201,2008,5,200805
20080202,2008,5,200805
20080203,2008,6,200806
20080204,2008,6,200806
20080205,2008,6,200806
20080206,2008,6,200806
20080207,2008,6,200806
20080208,2008,6,200806
20080209,2008,6,200806
20080210,2008,7,200807
20080211,2008,7,200807
20080212,2008,7,200807
20080213,2008,7,200807
20080214,2008,7,200807
20080215,2008,7,200807
20080216,2008,7,200807
20080217,2008,8,200808
20080218,2008,8,200808
20080219,2008,8,200808
20080220,2008,8,200808
20080221,2008,8,200808
20080222,2008,8,200808
20080223,2008,8,200808
20080224,2008,9,200809
20080225,2008,9,200809
20080226,2008,9,200809
20080227,2008,9,200809
20080228,2008,9,200809
20080229,2008,9,200809
20080301,2008,9,200809
20080302,2008,10,200810
20080303,2008,10,200810
20080304,2008,10,200810
20080305,2008,10,200810
20080306,2008,10,200810
20080307,2008,10,200810
20080308,2008,10,200810
20080309,2008,11,200811
20080310,2008,11,200811
20080311,2008,11,200811
20080312,2008,11,200811
20080313,2008,11,200811
20080314,2008,11,200811
20080315,2008,11,200811
20080316,2008,12,200812
20080317,2008,12,200812
20080318,2008,12,200812
20080319,2008,12,200812
20080320,2008,12,200812
20080321,2008,12,200812
20080322,2008,12,200812
20080323,2008,13,200813
20080324,2008,13,200813
20080325,2008,13,200813
20080326,2008,13,200813
20080327,2008,13,200813
20080328,2008,13,200813
20080329,2008,13,200813
20080330,2008,14,200814
20080331,2008,14,200814
20080401,2008,14,200814
20080402,2008,14,200814
20080403,2008,14,200814
20080404,2008,14,200814
20080405,2008,14,200814
20080406,2008,15,200815
20080407,2008,15,200815
20080408,2008,15,200815
20080409,2008,15,200815
20080410,2008,15,200815
20080411,2008,15,200815
20080412,2008,15,200815
20080413,2008,16,200816
20080414,2008,16,200816
20080415,2008,16,200816
20080416,2008,16,200816
20080417,2008,16,200816
20080418,2008,16,200816
20080419,2008,16,200816
20080420,2008,17,200817
20080421,2008,17,200817
20080422,2008,17,200817
20080423,2008,17,200817
20080424,2008,17,200817
20080425,2008,17,200817
20080426,2008,17,200817
20080427,2008,18,200818
20080428,2008,18,200818
20080429,2008,18,200818
20080430,2008,18,200818
20080501,2008,18,200818
20080502,2008,18,200818
20080503,2008,18,200818
20080504,2008,19,200819
20080505,2008,19,200819
20080506,2008,19,200819
20080507,2008,19,200819
20080508,2008,19,200819
20080509,2008,19,200819
20080510,2008,19,200819
20080511,2008,20,200820
20080512,2008,20,200820
20080513,2008,20,200820
20080514,2008,20,200820
20080515,2008,20,200820
20080516,2008,20,200820
20080517,2008,20,200820
20080518,2008,21,200821
20080519,2008,21,200821
20080520,2008,21,200821
20080521,2008,21,200821
20080522,2008,21,200821
20080523,2008,21,200821
20080524,2008,21,200821
20080525,2008,22,200822
20080526,2008,22,200822
20080527,2008,22,200822
20080528,2008,22,200822
20080529,2008,22,200822
20080530,2008,22,200822
20080531,2008,22,200822
20080601,2008,23,200823
20080602,2008,23,200823
20080603,2008,23,200823
20080604,2008,23,200823
20080605,2008,23,200823
20080606,2008,23,200823
20080607,2008,23,200823
20080608,2008,24,200824
20080609,2008,24,200824
20080610,2008,24,200824
20080611,2008,24,200824
20080612,2008,24,200824
20080613,2008,24,200824
20080614,2008,24,200824
20080615,2008,25,200825
20080616,2008,25,200825
20080617,2008,25,200825
20080618,2008,25,200825
20080619,2008,25,200825
20080620,2008,25,200825
20080621,2008,25,200825
20080622,2008,26,200826
20080623,2008,26,200826
20080624,2008,26,200826
20080625,2008,26,200826
20080626,2008,26,200826
20080627,2008,26,200826
20080628,2008,26,200826
20080629,2008,27,200827
20080630,2008,27,200827
20080701,2008,27,200827
20080702,2008,27,200827
20080703,2008,27,200827
20080704,2008,27,200827
20080705,2008,27,200827
20080706,2008,28,200828
20080707,2008,28,200828
20080708,2008,28,200828
20080709,2008,28,200828
20080710,2008,28,200828
20080711,2008,28,200828
20080712,2008,28,200828
20080713,2008,29,200829
20080714,2008,29,200829
20080715,2008,29,200829
20080716,2008,29,200829
20080717,2008,29,200829
20080718,2008,29,200829
20080719,2008,29,200829
20080720,2008,30,200830
20080721,2008,30,200830
20080722,2008,30,200830
20080723,2008,30,200830
20080724,2008,30,200830
20080725,2008,30,200830
20080726,2008,30,200830
20080727,2008,31,200831
20080728,2008,31,200831
20080729,2008,31,200831
20080730,2008,31,200831
20080731,2008,31,200831
20080801,2008,31,200831
20080802,2008,31,200831
20080803,2008,32,200832
20080804,2008,32,200832
20080805,2008,32,200832
20080806,2008,32,200832
20080807,2008,32,200832
20080808,2008,32,200832
20080809,2008,32,200832
20080810,2008,33,200833
20080811,2008,33,200833
20080812,2008,33,200833
20080813,2008,33,200833
20080814,2008,33,200833
20080815,2008,33,200833
20080816,2008,33,200833
20080817,2008,34,200834
20080818,2008,34,200834
20080819,2008,34,200834
20080820,2008,34,200834
20080821,2008,34,200834
20080822,2008,34,200834
20080823,2008,34,200834
20080824,2008,35,200835
20080825,2008,35,200835
20080826,2008,35,200835
20080827,2008,35,200835
20080828,2008,35,200835
20080829,2008,35,200835
20080830,2008,35,200835
20080831,2008,36,200836
20080901,2008,36,200836
20080902,2008,36,200836
20080903,2008,36,200836
20080904,2008,36,200836
20080905,2008,36,200836
20080906,2008,36,200836
20080907,2008,37,200837
20080908,2008,37,200837
20080909,2008,37,200837
20080910,2008,37,200837
20080911,2008,37,200837
20080912,2008,37,200837
20080913,2008,37,200837
20080914,2008,38,200838
20080915,2008,38,200838
20080916,2008,38,200838
20080917,2008,38,200838
20080918,2008,38,200838
20080919,2008,38,200838
20080920,2008,38,200838
20080921,2008,39,200839
20080922,2008,39,200839
20080923,2008,39,200839
20080924,2008,39,200839
20080925,2008,39,200839
20080926,2008,39,200839
20080927,2008,39,200839
20080928,2008,40,200840
20080929,2008,40,200840
20080930,2008,40,200840
20081001,2008,40,200840
20081002,2008,40,200840
20081003,2008,40,200840
20081004,2008,40,200840
20081005,2008,41,200841
20081006,2008,41,200841
20081007,2008,41,200841
20081008,2008,41,200841
20081009,2008,41,200841
20081010,2008,41,200841
20081011,2008,41,200841
20081012,2008,42,200842
20081013,2008,42,200842
20081014,2008,42,200842
20081015,2008,42,200842
20081016,2008,42,200842
20081017,2008,42,200842
20081018,2008,42,200842
20081019,2008,43,200843
20081020,2008,43,200843
20081021,2008,43,200843
20081022,2008,43,200843
20081023,2008,43,200843
20081024,2008,43,200843
20081025,2008,43,200843
20081026,2008,44,200844
20081027,2008,44,200844
20081028,2008,44,200844
20081029,2008,44,200844
20081030,2008,44,200844
20081031,2008,44,200844
20081101,2008,44,200844
20081102,2008,45,200845
20081103,2008,45,200845
20081104,2008,45,200845
20081105,2008,45,200845
20081106,2008,45,200845
20081107,2008,45,200845
20081108,2008,45,200845
20081109,2008,46,200846
20081110,2008,46,200846
20081111,2008,46,200846
20081112,2008,46,200846
20081113,2008,46,200846
20081114,2008,46,200846
20081115,2008,46,200846
20081116,2008,47,200847
20081117,2008,47,200847
20081118,2008,47,200847
20081119,2008,47,200847
20081120,2008,47,200847
20081121,2008,47,200847
20081122,2008,47,200847
20081123,2008,48,200848
20081124,2008,48,200848
20081125,2008,48,200848
20081126,2008,48,200848
20081127,2008,48,200848
20081128,2008,48,200848
20081129,2008,48,200848
20081130,2008,49,200849
20081201,2008,49,200849
20081202,2008,49,200849
20081203,2008,49,200849
20081204,2008,49,200849
20081205,2008,49,200849
20081206,2008,49,200849
20081207,2008,50,200850
20081208,2008,50,200850
20081209,2008,50,200850
20081210,2008,50,200850
20081211,2008,50,200850
20081212,2008,50,200850
20081213,2008,50,200850
20081214,2008,51,200851
20081215,2008,51,200851
20081216,2008,51,200851
20081217,2008,51,200851
20081218,2008,51,200851
20081219,2008,51,200851
20081220,2008,51,200851
20081221,2008,52,200852
20081222,2008,52,200852
20081223,2008,52,200852
20081224,2008,52,200852
20081225,2008,52,200852
20081226,2008,52,200852
20081227,2008,52,200852
20081228,2008,53,200853
20081229,2008,53,200853
20081230,2008,53,200853
20081231,2008,53,200853
20090101,2008,53,200853
20090102,2008,53,200853
20090103,2008,53,200853
20090104,2009,1,200901
20090105,2009,1,200901
20090106,2009,1,200901
20090107,2009,1,200901
20090108,2009,1,200901
20090109,2009,1,200901
20090110,2009,1,200901
20090111,2009,2,200902
20090112,2009,2,200902
20090113,2009,2,200902
20090114,2009,2,200902
20090115,2009,2,200902
20090116,2009,2,200902
20090117,2009,2,200902
20090118,2009,3,200903
20090119,2009,3,200903
20090120,2009,3,200903
20090121,2009,3,200903
20090122,2009,3,200903
20090123,2009,3,200903
20090124,2009,3,200903
20090125,2009,4,200904
20090126,2009,4,200904
20090127,2009,4,200904
20090128,2009,4,200904
20090129,2009,4,200904
20090130,2009,4,200904
20090131,2009,4,200904
20090201,2009,5,200905
20090202,2009,5,200905
20090203,2009,5,200905
20090204,2009,5,200905
20090205,2009,5,200905
20090206,2009,5,200905
20090207,2009,5,200905
20090208,2009,6,200906
20090209,2009,6,200906
20090210,2009,6,200906
20090211,2009,6,200906
20090212,2009,6,200906
20090213,2009,6,200906
20090214,2009,6,200906
20090215,2009,7,200907
20090216,2009,7,200907
20090217,2009,7,200907
20090218,2009,7,200907
20090219,2009,7,200907
20090220,2009,7,200907
20090221,2009,7,200907
20090222,2009,8,200908
20090223,2009,8,200908
20090224,2009,8,200908
20090225,2009,8,200908
20090226,2009,8,200908
20090227,2009,8,200908
20090228,2009,8,200908
20090301,2009,9,200909
20090302,2009,9,200909
20090303,2009,9,200909
20090304,2009,9,200909
20090305,2009,9,200909
20090306,2009,9,200909
20090307,2009,9,200909
20090308,2009,10,200910
20090309,2009,10,200910
20090310,2009,10,200910
20090311,2009,10,200910
20090312,2009,10,200910
20090313,2009,10,200910
20090314,2009,10,200910
20090315,2009,11,200911
20090316,2009,11,200911
20090317,2009,11,200911
20090318,2009,11,200911
20090319,2009,11,200911
20090320,2009,11,200911
20090321,2009,11,200911
20090322,2009,12,200912
20090323,2009,12,200912
20090324,2009,12,200912
20090325,2009,12,200912
20090326,2009,12,200912
20090327,2009,12,200912
20090328,2009,12,200912
20090329,2009,13,200913
20090330,2009,13,200913
20090331,2009,13,200913
20090401,2009,13,200913
20090402,2009,13,200913
20090403,2009,13,200913
20090404,2009,13,200913
20090405,2009,14,200914
20090406,2009,14,200914
20090407,2009,14,200914
20090408,2009,14,200914
20090409,2009,14,200914
20090410,2009,14,200914
20090411,2009,14,200914
20090412,2009,15,200915
20090413,2009,15,200915
20090414,2009,15,200915
20090415,2009,15,200915
20090416,2009,15,200915
20090417,2009,15,200915
20090418,2009,15,200915
20090419,2009,16,200916
20090420,2009,16,200916
20090421,2009,16,200916
20090422,2009,16,200916
20090423,2009,16,200916
20090424,2009,16,200916
20090425,2009,16,200916
20090426,2009,17,200917
20090427,2009,17,200917
20090428,2009,17,200917
20090429,2009,17,200917
20090430,2009,17,200917
20090501,2009,17,200917
20090502,2009,17,200917
20090503,2009,18,200918
20090504,2009,18,200918
20090505,2009,18,200918
20090506,2009,18,200918
20090507,2009,18,200918
20090508,2009,18,200918
20090509,2009,18,200918
20090510,2009,19,200919
20090511,2009,19,200919
20090512,2009,19,200919
20090513,2009,19,200919
20090514,2009,19,200919
20090515,2009,19,200919
20090516,2009,19,200919
20090517,2009,20,200920
20090518,2009,20,200920
20090519,2009,20,200920
20090520,2009,20,200920
20090521,2009,20,200920
20090522,2009,20,200920
20090523,2009,20,200920
20090524,2009,21,200921
20090525,2009,21,200921
20090526,2009,21,200921
20090527,2009,21,200921
20090528,2009,21,200921
20090529,2009,21,200921
20090530,2009,21,200921
20090531,2009,22,200922
20090601,2009,22,200922
20090602,2009,22,200922
20090603,2009,22,200922
20090604,2009,22,200922
20090605,2009,22,200922
20090606,2009,22,200922
20090607,2009,23,200923
20090608,2009,23,200923
20090609,2009,23,200923
20090610,2009,23,200923
20090611,2009,23,200923
20090612,2009,23,200923
20090613,2009,23,200923
20090614,2009,24,200924
20090615,2009,24,200924
20090616,2009,24,200924
20090617,2009,24,200924
20090618,2009,24,200924
20090619,2009,24,200924
20090620,2009,24,200924
20090621,2009,25,200925
20090622,2009,25,200925
20090623,2009,25,200925
20090624,2009,25,200925
20090625,2009,25,200925
20090626,2009,25,200925
20090627,2009,25,200925
20090628,2009,26,200926
20090629,2009,26,200926
20090630,2009,26,200926
20090701,2009,26,200926
20090702,2009,26,200926
20090703,2009,26,200926
20090704,2009,26,200926
20090705,2009,27,200927
20090706,2009,27,200927
20090707,2009,27,200927
20090708,2009,27,200927
20090709,2009,27,200927
20090710,2009,27,200927
20090711,2009,27,200927
20090712,2009,28,200928
20090713,2009,28,200928
20090714,2009,28,200928
20090715,2009,28,200928
20090716,2009,28,200928
20090717,2009,28,200928
20090718,2009,28,200928
20090719,2009,29,200929
20090720,2009,29,200929
20090721,2009,29,200929
20090722,2009,29,200929
20090723,2009,29,200929
20090724,2009,29,200929
20090725,2009,29,200929
20090726,2009,30,200930
20090727,2009,30,200930
20090728,2009,30,200930
20090729,2009,30,200930
20090730,2009,30,200930
20090731,2009,30,200930
20090801,2009,30,200930
20090802,2009,31,200931
20090803,2009,31,200931
20090804,2009,31,200931
20090805,2009,31,200931
20090806,2009,31,200931
20090807,2009,31,200931
20090808,2009,31,200931
20090809,2009,32,200932
20090810,2009,32,200932
20090811,2009,32,200932
20090812,2009,32,200932
20090813,2009,32,200932
20090814,2009,32,200932
20090815,2009,32,200932
20090816,2009,33,200933
20090817,2009,33,200933
20090818,2009,33,200933
20090819,2009,33,200933
20090820,2009,33,200933
20090821,2009,33,200933
20090822,2009,33,200933
20090823,2009,34,200934
20090824,2009,34,200934
20090825,2009,34,200934
20090826,2009,34,200934
20090827,2009,34,200934
20090828,2009,34,200934
20090829,2009,34,200934
20090830,2009,35,200935
20090831,2009,35,200935
20090901,2009,35,200935
20090902,2009,35,200935
20090903,2009,35,200935
20090904,2009,35,200935
20090905,2009,35,200935
20090906,2009,36,200936
20090907,2009,36,200936
20090908,2009,36,200936
20090909,2009,36,200936
20090910,2009,36,200936
20090911,2009,36,200936
20090912,2009,36,200936
20090913,2009,37,200937
20090914,2009,37,200937
20090915,2009,37,200937
20090916,2009,37,200937
20090917,2009,37,200937
20090918,2009,37,200937
20090919,2009,37,200937
20090920,2009,38,200938
20090921,2009,38,200938
20090922,2009,38,200938
20090923,2009,38,200938
20090924,2009,38,200938
20090925,2009,38,200938
20090926,2009,38,200938
20090927,2009,39,200939
20090928,2009,39,200939
20090929,2009,39,200939
20090930,2009,39,200939
20091001,2009,39,200939
20091002,2009,39,200939
20091003,2009,39,200939
20091004,2009,40,200940
20091005,2009,40,200940
20091006,2009,40,200940
20091007,2009,40,200940
20091008,2009,40,200940
20091009,2009,40,200940
20091010,2009,40,200940
20091011,2009,41,200941
20091012,2009,41,200941
20091013,2009,41,200941
20091014,2009,41,200941
20091015,2009,41,200941
20091016,2009,41,200941
20091017,2009,41,200941
20091018,2009,42,200942
20091019,2009,42,200942
20091020,2009,42,200942
20091021,2009,42,200942
20091022,2009,42,200942
20091023,2009,42,200942
20091024,2009,42,200942
20091025,2009,43,200943
20091026,2009,43,200943
20091027,2009,43,200943
20091028,2009,43,200943
20091029,2009,43,200943
20091030,2009,43,200943
20091031,2009,43,200943
20091101,2009,44,200944
20091102,2009,44,200944
20091103,2009,44,200944
20091104,2009,44,200944
20091105,2009,44,200944
20091106,2009,44,200944
20091107,2009,44,200944
20091108,2009,45,200945
20091109,2009,45,200945
20091110,2009,45,200945
20091111,2009,45,200945
20091112,2009,45,200945
20091113,2009,45,200945
20091114,2009,45,200945
20091115,2009,46,200946
20091116,2009,46,200946
20091117,2009,46,200946
20091118,2009,46,200946
20091119,2009,46,200946
20091120,2009,46,200946
20091121,2009,46,200946
20091122,2009,47,200947
20091123,2009,47,200947
20091124,2009,47,200947
20091125,2009,47,200947
20091126,2009,47,200947
20091127,2009,47,200947
20091128,2009,47,200947
20091129,2009,48,200948
20091130,2009,48,200948
20091201,2009,48,200948
20091202,2009,48,200948
20091203,2009,48,200948
20091204,2009,48,200948
20091205,2009,48,200948
20091206,2009,49,200949
20091207,2009,49,200949
20091208,2009,49,200949
20091209,2009,49,200949
20091210,2009,49,200949
20091211,2009,49,200949
20091212,2009,49,200949
20091213,2009,50,200950
20091214,2009,50,200950
20091215,2009,50,200950
20091216,2009,50,200950
20091217,2009,50,200950
20091218,2009,50,200950
20091219,2009,50,200950
20091220,2009,51,200951
20091221,2009,51,200951
20091222,2009,51,200951
20091223,2009,51,200951
20091224,2009,51,200951
20091225,2009,51,200951
20091226,2009,51,200951
20091227,2009,52,200952
20091228,2009,52,200952
20091229,2009,52,200952
20091230,2009,52,200952
20091231,2009,52,200952
20100101,2009,52,200952
20100102,2009,52,200952
20100103,2010,1,201001
20100104,2010,1,201001
20100105,2010,1,201001
20100106,2010,1,201001
20100107,2010,1,201001
20100108,2010,1,201001
20100109,2010,1,201001
20100110,2010,2,201002
20100111,2010,2,201002
20100112,2010,2,201002
20100113,2010,2,201002
20100114,2010,2,201002
20100115,2010,2,201002
20100116,2010,2,201002
20100117,2010,3,201003
20100118,2010,3,201003
20100119,2010,3,201003
20100120,2010,3,201003
20100121,2010,3,201003
20100122,2010,3,201003
20100123,2010,3,201003
20100124,2010,4,201004
20100125,2010,4,201004
20100126,2010,4,201004
20100127,2010,4,201004
20100128,2010,4,201004
20100129,2010,4,201004
20100130,2010,4,201004
20100131,2010,5,201005
20100201,2010,5,201005
20100202,2010,5,201005
20100203,2010,5,201005
20100204,2010,5,201005
20100205,2010,5,201005
20100206,2010,5,201005
20100207,2010,6,201006
20100208,2010,6,201006
20100209,2010,6,201006
20100210,2010,6,201006
20100211,2010,6,201006
20100212,2010,6,201006
20100213,2010,6,201006
20100214,2010,7,201007
20100215,2010,7,201007
20100216,2010,7,201007
20100217,2010,7,201007
20100218,2010,7,201007
20100219,2010,7,201007
20100220,2010,7,201007
20100221,2010,8,201008
20100222,2010,8,201008
20100223,2010,8,201008
20100224,2010,8,201008
20100225,2010,8,201008
20100226,2010,8,201008
20100227,2010,8,201008
20100228,2010,9,201009
20100301,2010,9,201009
20100302,2010,9,201009
20100303,2010,9,201009
20100304,2010,9,201009
20100305,2010,9,201009
20100306,2010,9,201009
20100307,2010,10,201010
20100308,2010,10,201010
20100309,2010,10,201010
20100310,2010,10,201010
20100311,2010,10,201010
20100312,2010,10,201010
20100313,2010,10,201010
20100314,2010,11,201011
20100315,2010,11,201011
20100316,2010,11,201011
20100317,2010,11,201011
20100318,2010,11,201011
20100319,2010,11,201011
20100320,2010,11,201011
20100321,2010,12,201012
20100322,2010,12,201012
20100323,2010,12,201012
20100324,2010,12,201012
20100325,2010,12,201012
20100326,2010,12,201012
20100327,2010,12,201012
20100328,2010,13,201013
20100329,2010,13,201013
20100330,2010,13,201013
20100331,2010,13,201013
20100401,2010,13,201013
20100402,2010,13,201013
20100403,2010,13,201013
20100404,2010,14,201014
20100405,2010,14,201014
20100406,2010,14,201014
20100407,2010,14,201014
20100408,2010,14,201014
20100409,2010,14,201014
20100410,2010,14,201014
20100411,2010,15,201015
20100412,2010,15,201015
20100413,2010,15,201015
20100414,2010,15,201015
20100415,2010,15,201015
20100416,2010,15,201015
20100417,2010,15,201015
20100418,2010,16,201016
20100419,2010,16,201016
20100420,2010,16,201016
20100421,2010,16,201016
20100422,2010,16,201016
20100423,2010,16,201016
20100424,2010,16,201016
20100425,2010,17,201017
20100426,2010,17,201017
20100427,2010,17,201017
20100428,2010,17,201017
20100429,2010,17,201017
20100430,2010,17,201017
20100501,2010,17,201017
20100502,2010,18,201018
20100503,2010,18,201018
20100504,2010,18,201018
20100505,2010,18,201018
20100506,2010,18,201018
20100507,2010,18,201018
20100508,2010,18,201018
20100509,2010,19,201019
20100510,2010,19,201019
20100511,2010,19,201019
20100512,2010,19,201019
20100513,2010,19,201019
20100514,2010,19,201019
20100515,2010,19,201019
20100516,2010,20,201020
20100517,2010,20,201020
20100518,2010,20,201020
20100519,2010,20,201020
20100520,2010,20,201020
20100521,2010,20,201020
20100522,2010,20,201020
20100523,2010,21,201021
20100524,2010,21,201021
20100525,2010,21,201021
20100526,2010,21,201021
20100527,2010,21,201021
20100528,2010,21,201021
20100529,2010,21,201021
20100530,2010,22,201022
20100531,2010,22,201022
20100601,2010,22,201022
20100602,2010,22,201022
20100603,2010,22,201022
20100604,2010,22,201022
20100605,2010,22,201022
20100606,2010,23,201023
20100607,2010,23,201023
20100608,2010,23,201023
20100609,2010,23,201023
20100610,2010,23,201023
20100611,2010,23,201023
20100612,2010,23,201023
20100613,2010,24,201024
20100614,2010,24,201024
20100615,2010,24,201024
20100616,2010,24,201024
20100617,2010,24,201024
20100618,2010,24,201024
20100619,2010,24,201024
20100620,2010,25,201025
20100621,2010,25,201025
20100622,2010,25,201025
20100623,2010,25,201025
20100624,2010,25,201025
20100625,2010,25,201025
20100626,2010,25,201025
20100627,2010,26,201026
20100628,2010,26,201026
20100629,2010,26,201026
20100630,2010,26,201026
20100701,2010,26,201026
20100702,2010,26,201026
20100703,2010,26,201026
20100704,2010,27,201027
20100705,2010,27,201027
20100706,2010,27,201027
20100707,2010,27,201027
20100708,2010,27,201027
20100709,2010,27,201027
20100710,2010,27,201027
20100711,2010,28,201028
20100712,2010,28,201028
20100713,2010,28,201028
20100714,2010,28,201028
20100715,2010,28,201028
20100716,2010,28,201028
20100717,2010,28,201028
20100718,2010,29,201029
20100719,2010,29,201029
20100720,2010,29,201029
20100721,2010,29,201029
20100722,2010,29,201029
20100723,2010,29,201029
20100724,2010,29,201029
20100725,2010,30,201030
20100726,2010,30,201030
20100727,2010,30,201030
20100728,2010,30,201030
20100729,2010,30,201030
20100730,2010,30,201030
20100731,2010,30,201030
20100801,2010,31,201031
20100802,2010,31,201031
20100803,2010,31,201031
20100804,2010,31,201031
20100805,2010,31,201031
20100806,2010,31,201031
20100807,2010,31,201031
20100808,2010,32,201032
20100809,2010,32,201032
20100810,2010,32,201032
20100811,2010,32,201032
20100812,2010,32,201032
20100813,2010,32,201032
20100814,2010,32,201032
20100815,2010,33,201033
20100816,2010,33,201033
20100817,2010,33,201033
20100818,2010,33,201033
20100819,2010,33,201033
20100820,2010,33,201033
20100821,2010,33,201033
20100822,2010,34,201034
20100823,2010,34,201034
20100824,2010,34,201034
20100825,2010,34,201034
20100826,2010,34,201034
20100827,2010,34,201034
20100828,2010,34,201034
20100829,2010,35,201035
20100830,2010,35,201035
20100831,2010,35,201035
20100901,2010,35,201035
20100902,2010,35,201035
20100903,2010,35,201035
20100904,2010,35,201035
20100905,2010,36,201036
20100906,2010,36,201036
20100907,2010,36,201036
20100908,2010,36,201036
20100909,2010,36,201036
20100910,2010,36,201036
20100911,2010,36,201036
20100912,2010,37,201037
20100913,2010,37,201037
20100914,2010,37,201037
20100915,2010,37,201037
20100916,2010,37,201037
20100917,2010,37,201037
20100918,2010,37,201037
20100919,2010,38,201038
20100920,2010,38,201038
20100921,2010,38,201038
20100922,2010,38,201038
20100923,2010,38,201038
20100924,2010,38,201038
20100925,2010,38,201038
20100926,2010,39,201039
20100927,2010,39,201039
20100928,2010,39,201039
20100929,2010,39,201039
20100930,2010,39,201039
20101001,2010,39,201039
20101002,2010,39,201039
20101003,2010,40,201040
20101004,2010,40,201040
20101005,2010,40,201040
20101006,2010,40,201040
20101007,2010,40,201040
20101008,2010,40,201040
20101009,2010,40,201040
20101010,2010,41,201041
20101011,2010,41,201041
20101012,2010,41,201041
20101013,2010,41,201041
20101014,2010,41,201041
20101015,2010,41,201041
20101016,2010,41,201041
20101017,2010,42,201042
20101018,2010,42,201042
20101019,2010,42,201042
20101020,2010,42,201042
20101021,2010,42,201042
20101022,2010,42,201042
20101023,2010,42,201042
20101024,2010,43,201043
20101025,2010,43,201043
20101026,2010,43,201043
20101027,2010,43,201043
20101028,2010,43,201043
20101029,2010,43,201043
20101030,2010,43,201043
20101031,2010,44,201044
20101101,2010,44,201044
20101102,2010,44,201044
20101103,2010,44,201044
20101104,2010,44,201044
20101105,2010,44,201044
20101106,2010,44,201044
20101107,2010,45,201045
20101108,2010,45,201045
20101109,2010,45,201045
20101110,2010,45,201045
20101111,2010,45,201045
20101112,2010,45,201045
20101113,2010,45,201045
20101114,2010,46,201046
20101115,2010,46,201046
20101116,2010,46,201046
20101117,2010,46,201046
20101118,2010,46,201046
20101119,2010,46,201046
20101120,2010,46,201046
20101121,2010,47,201047
20101122,2010,47,201047
20101123,2010,47,201047
20101124,2010,47,201047
20101125,2010,47,201047
20101126,2010,47,201047
20101127,2010,47,201047
20101128,2010,48,201048
20101129,2010,48,201048
20101130,2010,48,201048
20101201,2010,48,201048
20101202,2010,48,201048
20101203,2010,48,201048
20101204,2010,48,201048
20101205,2010,49,201049
20101206,2010,49,201049
20101207,2010,49,201049
20101208,2010,49,201049
20101209,2010,49,201049
20101210,2010,49,201049
20101211,2010,49,201049
20101212,2010,50,201050
20101213,2010,50,201050
20101214,2010,50,201050
20101215,2010,50,201050
20101216,2010,50,201050
20101217,2010,50,201050
20101218,2010,50,201050
20101219,2010,51,201051
20101220,2010,51,201051
20101221,2010,51,201051
20101222,2010,51,201051
20101223,2010,51,201051
20101224,2010,51,201051
20101225,2010,51,201051
20101226,2010,52,201052
20101227,2010,52,201052
20101228,2010,52,201052
20101229,2010,52,201052
20101230,2010,52,201052
20101231,2010,52,201052
20110101,2010,52,201052
20110102,2011,1,201101
20110103,2011,1,201101
20110104,2011,1,201101
20110105,2011,1,201101
20110106,2011,1,201101
20110107,2011,1,201101
20110108,2011,1,201101
20110109,2011,2,201102
20110110,2011,2,201102
20110111,2011,2,201102
20110112,2011,2,201102
20110113,2011,2,201102
20110114,2011,2,201102
20110115,2011,2,201102
20110116,2011,3,201103
20110117,2011,3,201103
20110118,2011,3,201103
20110119,2011,3,201103
20110120,2011,3,201103
20110121,2011,3,201103
20110122,2011,3,201103
20110123,2011,4,201104
20110124,2011,4,201104
20110125,2011,4,201104
20110126,2011,4,201104
20110127,2011,4,201104
20110128,2011,4,201104
20110129,2011,4,201104
20110130,2011,5,201105
20110131,2011,5,201105
20110201,2011,5,201105
20110202,2011,5,201105
20110203,2011,5,201105
20110204,2011,5,201105
20110205,2011,5,201105
20110206,2011,6,201106
20110207,2011,6,201106
20110208,2011,6,201106
20110209,2011,6,201106
20110210,2011,6,201106
20110211,2011,6,201106
20110212,2011,6,201106
20110213,2011,7,201107
20110214,2011,7,201107
20110215,2011,7,201107
20110216,2011,7,201107
20110217,2011,7,201107
20110218,2011,7,201107
20110219,2011,7,201107
20110220,2011,8,201108
20110221,2011,8,201108
20110222,2011,8,201108
20110223,2011,8,201108
20110224,2011,8,201108
20110225,2011,8,201108
20110226,2011,8,201108
20110227,2011,9,201109
20110228,2011,9,201109
20110301,2011,9,201109
20110302,2011,9,201109
20110303,2011,9,201109
20110304,2011,9,201109
20110305,2011,9,201109
20110306,2011,10,201110
20110307,2011,10,201110
20110308,2011,10,201110
20110309,2011,10,201110
20110310,2011,10,201110
20110311,2011,10,201110
20110312,2011,10,201110
20110313,2011,11,201111
20110314,2011,11,201111
20110315,2011,11,201111
20110316,2011,11,201111
20110317,2011,11,201111
20110318,2011,11,201111
20110319,2011,11,201111
20110320,2011,12,201112
20110321,2011,12,201112
20110322,2011,12,201112
20110323,2011,12,201112
20110324,2011,12,201112
20110325,2011,12,201112
20110326,2011,12,201112
20110327,2011,13,201113
20110328,2011,13,201113
20110329,2011,13,201113
20110330,2011,13,201113
20110331,2011,13,201113
20110401,2011,13,201113
20110402,2011,13,201113
20110403,2011,14,201114
20110404,2011,14,201114
20110405,2011,14,201114
20110406,2011,14,201114
20110407,2011,14,201114
20110408,2011,14,201114
20110409,2011,14,201114
20110410,2011,15,201115
20110411,2011,15,201115
20110412,2011,15,201115
20110413,2011,15,201115
20110414,2011,15,201115
20110415,2011,15,201115
20110416,2011,15,201115
20110417,2011,16,201116
20110418,2011,16,201116
20110419,2011,16,201116
20110420,2011,16,201116
20110421,2011,16,201116
20110422,2011,16,201116
20110423,2011,16,201116
20110424,2011,17,201117
20110425,2011,17,201117
20110426,2011,17,201117
20110427,2011,17,201117
20110428,2011,17,201117
20110429,2011,17,201117
20110430,2011,17,201117
20110501,2011,18,201118
20110502,2011,18,201118
20110503,2011,18,201118
20110504,2011,18,201118
20110505,2011,18,201118
20110506,2011,18,201118
20110507,2011,18,201118
20110508,2011,19,201119
20110509,2011,19,201119
20110510,2011,19,201119
20110511,2011,19,201119
20110512,2011,19,201119
20110513,2011,19,201119
20110514,2011,19,201119
20110515,2011,20,201120
20110516,2011,20,201120
20110517,2011,20,201120
20110518,2011,20,201120
20110519,2011,20,201120
20110520,2011,20,201120
20110521,2011,20,201120
20110522,2011,21,201121
20110523,2011,21,201121
20110524,2011,21,201121
20110525,2011,21,201121
20110526,2011,21,201121
20110527,2011,21,201121
20110528,2011,21,201121
20110529,2011,22,201122
20110530,2011,22,201122
20110531,2011,22,201122
20110601,2011,22,201122
20110602,2011,22,201122
20110603,2011,22,201122
20110604,2011,22,201122
20110605,2011,23,201123
20110606,2011,23,201123
20110607,2011,23,201123
20110608,2011,23,201123
20110609,2011,23,201123
20110610,2011,23,201123
20110611,2011,23,201123
20110612,2011,24,201124
20110613,2011,24,201124
20110614,2011,24,201124
20110615,2011,24,201124
20110616,2011,24,201124
20110617,2011,24,201124
20110618,2011,24,201124
20110619,2011,25,201125
20110620,2011,25,201125
20110621,2011,25,201125
20110622,2011,25,201125
20110623,2011,25,201125
20110624,2011,25,201125
20110625,2011,25,201125
20110626,2011,26,201126
20110627,2011,26,201126
20110628,2011,26,201126
20110629,2011,26,201126
20110630,2011,26,201126
20110701,2011,26,201126
20110702,2011,26,201126
20110703,2011,27,201127
20110704,2011,27,201127
20110705,2011,27,201127
20110706,2011,27,201127
20110707,2011,27,201127
20110708,2011,27,201127
20110709,2011,27,201127
20110710,2011,28,201128
20110711,2011,28,201128
20110712,2011,28,201128
20110713,2011,28,201128
20110714,2011,28,201128
20110715,2011,28,201128
20110716,2011,28,201128
20110717,2011,29,201129
20110718,2011,29,201129
20110719,2011,29,201129
20110720,2011,29,201129
20110721,2011,29,201129
20110722,2011,29,201129
20110723,2011,29,201129
20110724,2011,30,201130
20110725,2011,30,201130
20110726,2011,30,201130
20110727,2011,30,201130
20110728,2011,30,201130
20110729,2011,30,201130
20110730,2011,30,201130
20110731,2011,31,201131
20110801,2011,31,201131
20110802,2011,31,201131
20110803,2011,31,201131
20110804,2011,31,201131
20110805,2011,31,201131
20110806,2011,31,201131
20110807,2011,32,201132
20110808,2011,32,201132
20110809,2011,32,201132
20110810,2011,32,201132
20110811,2011,32,201132
20110812,2011,32,201132
20110813,2011,32,201132
20110814,2011,33,201133
20110815,2011,33,201133
20110816,2011,33,201133
20110817,2011,33,201133
20110818,2011,33,201133
20110819,2011,33,201133
20110820,2011,33,201133
20110821,2011,34,201134
20110822,2011,34,201134
20110823,2011,34,201134
20110824,2011,34,201134
20110825,2011,34,201134
20110826,2011,34,201134
20110827,2011,34,201134
20110828,2011,35,201135
20110829,2011,35,201135
20110830,2011,35,201135
20110831,2011,35,201135
20110901,2011,35,201135
20110902,2011,35,201135
20110903,2011,35,201135
20110904,2011,36,201136
20110905,2011,36,201136
20110906,2011,36,201136
20110907,2011,36,201136
20110908,2011,36,201136
20110909,2011,36,201136
20110910,2011,36,201136
20110911,2011,37,201137
20110912,2011,37,201137
20110913,2011,37,201137
20110914,2011,37,201137
20110915,2011,37,201137
20110916,2011,37,201137
20110917,2011,37,201137
20110918,2011,38,201138
20110919,2011,38,201138
20110920,2011,38,201138
20110921,2011,38,201138
20110922,2011,38,201138
20110923,2011,38,201138
20110924,2011,38,201138
20110925,2011,39,201139
20110926,2011,39,201139
20110927,2011,39,201139
20110928,2011,39,201139
20110929,2011,39,201139
20110930,2011,39,201139
20111001,2011,39,201139
20111002,2011,40,201140
20111003,2011,40,201140
20111004,2011,40,201140
20111005,2011,40,201140
20111006,2011,40,201140
20111007,2011,40,201140
20111008,2011,40,201140
20111009,2011,41,201141
20111010,2011,41,201141
20111011,2011,41,201141
20111012,2011,41,201141
20111013,2011,41,201141
20111014,2011,41,201141
20111015,2011,41,201141
20111016,2011,42,201142
20111017,2011,42,201142
20111018,2011,42,201142
20111019,2011,42,201142
20111020,2011,42,201142
20111021,2011,42,201142
20111022,2011,42,201142
20111023,2011,43,201143
20111024,2011,43,201143
20111025,2011,43,201143
20111026,2011,43,201143
20111027,2011,43,201143
20111028,2011,43,201143
20111029,2011,43,201143
20111030,2011,44,201144
20111031,2011,44,201144
20111101,2011,44,201144
20111102,2011,44,201144
20111103,2011,44,201144
20111104,2011,44,201144
20111105,2011,44,201144
20111106,2011,45,201145
20111107,2011,45,201145
20111108,2011,45,201145
20111109,2011,45,201145
20111110,2011,45,201145
20111111,2011,45,201145
20111112,2011,45,201145
20111113,2011,46,201146
20111114,2011,46,201146
20111115,2011,46,201146
20111116,2011,46,201146
20111117,2011,46,201146
20111118,2011,46,201146
20111119,2011,46,201146
20111120,2011,47,201147
20111121,2011,47,201147
20111122,2011,47,201147
20111123,2011,47,201147
20111124,2011,47,201147
20111125,2011,47,201147
20111126,2011,47,201147
20111127,2011,48,201148
20111128,2011,48,201148
20111129,2011,48,201148
20111130,2011,48,201148
20111201,2011,48,201148
20111202,2011,48,201148
20111203,2011,48,201148
20111204,2011,49,201149
20111205,2011,49,201149
20111206,2011,49,201149
20111207,2011,49,201149
20111208,2011,49,201149
20111209,2011,49,201149
20111210,2011,49,201149
20111211,2011,50,201150
20111212,2011,50,201150
20111213,2011,50,201150
20111214,2011,50,201150
20111215,2011,50,201150
20111216,2011,50,201150
20111217,2011,50,201150
20111218,2011,51,201151
20111219,2011,51,201151
20111220,2011,51,201151
20111221,2011,51,201151
20111222,2011,51,201151
20111223,2011,51,201151
20111224,2011,51,201151
20111225,2011,52,201152
20111226,2011,52,201152
20111227,2011,52,201152
20111228,2011,52,201152
20111229,2011,52,201152
20111230,2011,52,201152
20111231,2011,52,201152
20120101,2012,1,201201
20120102,2012,1,201201
20120103,2012,1,201201
20120104,2012,1,201201
20120105,2012,1,201201
20120106,2012,1,201201
20120107,2012,1,201201
20120108,2012,2,201202
20120109,2012,2,201202
20120110,2012,2,201202
20120111,2012,2,201202
20120112,2012,2,201202
20120113,2012,2,201202
20120114,2012,2,201202
20120115,2012,3,201203
20120116,2012,3,201203
20120117,2012,3,201203
20120118,2012,3,201203
20120119,2012,3,201203
20120120,2012,3,201203
20120121,2012,3,201203
20120122,2012,4,201204
20120123,2012,4,201204
20120124,2012,4,201204
20120125,2012,4,201204
20120126,2012,4,201204
20120127,2012,4,201204
20120128,2012,4,201204
20120129,2012,5,201205
20120130,2012,5,201205
20120131,2012,5,201205
20120201,2012,5,201205
20120202,2012,5,201205
20120203,2012,5,201205
20120204,2012,5,201205
20120205,2012,6,201206
20120206,2012,6,201206
20120207,2012,6,201206
20120208,2012,6,201206
20120209,2012,6,201206
20120210,2012,6,201206
20120211,2012,6,201206
20120212,2012,7,201207
20120213,2012,7,201207
20120214,2012,7,201207
20120215,2012,7,201207
20120216,2012,7,201207
20120217,2012,7,201207
20120218,2012,7,201207
20120219,2012,8,201208
20120220,2012,8,201208
20120221,2012,8,201208
20120222,2012,8,201208
20120223,2012,8,201208
20120224,2012,8,201208
20120225,2012,8,201208
20120226,2012,9,201209
20120227,2012,9,201209
20120228,2012,9,201209
20120229,2012,9,201209
20120301,2012,9,201209
20120302,2012,9,201209
20120303,2012,9,201209
20120304,2012,10,201210
20120305,2012,10,201210
20120306,2012,10,201210
20120307,2012,10,201210
20120308,2012,10,201210
20120309,2012,10,201210
20120310,2012,10,201210
20120311,2012,11,201211
20120312,2012,11,201211
20120313,2012,11,201211
20120314,2012,11,201211
20120315,2012,11,201211
20120316,2012,11,201211
20120317,2012,11,201211
20120318,2012,12,201212
20120319,2012,12,201212
20120320,2012,12,201212
20120321,2012,12,201212
20120322,2012,12,201212
20120323,2012,12,201212
20120324,2012,12,201212
20120325,2012,13,201213
20120326,2012,13,201213
20120327,2012,13,201213
20120328,2012,13,201213
20120329,2012,13,201213
20120330,2012,13,201213
20120331,2012,13,201213
20120401,2012,14,201214
20120402,2012,14,201214
20120403,2012,14,201214
20120404,2012,14,201214
20120405,2012,14,201214
20120406,2012,14,201214
20120407,2012,14,201214
20120408,2012,15,201215
20120409,2012,15,201215
20120410,2012,15,201215
20120411,2012,15,201215
20120412,2012,15,201215
20120413,2012,15,201215
20120414,2012,15,201215
20120415,2012,16,201216
20120416,2012,16,201216
20120417,2012,16,201216
20120418,2012,16,201216
20120419,2012,16,201216
20120420,2012,16,201216
20120421,2012,16,201216
20120422,2012,17,201217
20120423,2012,17,201217
20120424,2012,17,201217
20120425,2012,17,201217
20120426,2012,17,201217
20120427,2012,17,201217
20120428,2012,17,201217
20120429,2012,18,201218
20120430,2012,18,201218
20120501,2012,18,201218
20120502,2012,18,201218
20120503,2012,18,201218
20120504,2012,18,201218
20120505,2012,18,201218
20120506,2012,19,201219
20120507,2012,19,201219
20120508,2012,19,201219
20120509,2012,19,201219
20120510,2012,19,201219
20120511,2012,19,201219
20120512,2012,19,201219
20120513,2012,20,201220
20120514,2012,20,201220
20120515,2012,20,201220
20120516,2012,20,201220
20120517,2012,20,201220
20120518,2012,20,201220
20120519,2012,20,201220
20120520,2012,21,201221
20120521,2012,21,201221
20120522,2012,21,201221
20120523,2012,21,201221
20120524,2012,21,201221
20120525,2012,21,201221
20120526,2012,21,201221
20120527,2012,22,201222
20120528,2012,22,201222
20120529,2012,22,201222
20120530,2012,22,201222
20120531,2012,22,201222
20120601,2012,22,201222
20120602,2012,22,201222
20120603,2012,23,201223
20120604,2012,23,201223
20120605,2012,23,201223
20120606,2012,23,201223
20120607,2012,23,201223
20120608,2012,23,201223
20120609,2012,23,201223
20120610,2012,24,201224
20120611,2012,24,201224
20120612,2012,24,201224
20120613,2012,24,201224
20120614,2012,24,201224
20120615,2012,24,201224
20120616,2012,24,201224
20120617,2012,25,201225
20120618,2012,25,201225
20120619,2012,25,201225
20120620,2012,25,201225
20120621,2012,25,201225
20120622,2012,25,201225
20120623,2012,25,201225
20120624,2012,26,201226
20120625,2012,26,201226
20120626,2012,26,201226
20120627,2012,26,201226
20120628,2012,26,201226
20120629,2012,26,201226
20120630,2012,26,201226
20120701,2012,27,201227
20120702,2012,27,201227
20120703,2012,27,201227
20120704,2012,27,201227
20120705,2012,27,201227
20120706,2012,27,201227
20120707,2012,27,201227
20120708,2012,28,201228
20120709,2012,28,201228
20120710,2012,28,201228
20120711,2012,28,201228
20120712,2012,28,201228
20120713,2012,28,201228
20120714,2012,28,201228
20120715,2012,29,201229
20120716,2012,29,201229
20120717,2012,29,201229
20120718,2012,29,201229
20120719,2012,29,201229
20120720,2012,29,201229
20120721,2012,29,201229
20120722,2012,30,201230
20120723,2012,30,201230
20120724,2012,30,201230
20120725,2012,30,201230
20120726,2012,30,201230
20120727,2012,30,201230
20120728,2012,30,201230
20120729,2012,31,201231
20120730,2012,31,201231
20120731,2012,31,201231
20120801,2012,31,201231
20120802,2012,31,201231
20120803,2012,31,201231
20120804,2012,31,201231
20120805,2012,32,201232
20120806,2012,32,201232
20120807,2012,32,201232
20120808,2012,32,201232
20120809,2012,32,201232
20120810,2012,32,201232
20120811,2012,32,201232
20120812,2012,33,201233
20120813,2012,33,201233
20120814,2012,33,201233
20120815,2012,33,201233
20120816,2012,33,201233
20120817,2012,33,201233
20120818,2012,33,201233
20120819,2012,34,201234
20120820,2012,34,201234
20120821,2012,34,201234
20120822,2012,34,201234
20120823,2012,34,201234
20120824,2012,34,201234
20120825,2012,34,201234
20120826,2012,35,201235
20120827,2012,35,201235
20120828,2012,35,201235
20120829,2012,35,201235
20120830,2012,35,201235
20120831,2012,35,201235
20120901,2012,35,201235
20120902,2012,36,201236
20120903,2012,36,201236
20120904,2012,36,201236
20120905,2012,36,201236
20120906,2012,36,201236
20120907,2012,36,201236
20120908,2012,36,201236
20120909,2012,37,201237
20120910,2012,37,201237
20120911,2012,37,201237
20120912,2012,37,201237
20120913,2012,37,201237
20120914,2012,37,201237
20120915,2012,37,201237
20120916,2012,38,201238
20120917,2012,38,201238
20120918,2012,38,201238
20120919,2012,38,201238
20120920,2012,38,201238
20120921,2012,38,201238
20120922,2012,38,201238
20120923,2012,39,201239
20120924,2012,39,201239
20120925,2012,39,201239
20120926,2012,39,201239
20120927,2012,39,201239
20120928,2012,39,201239
20120929,2012,39,201239
20120930,2012,40,201240
20121001,2012,40,201240
20121002,2012,40,201240
20121003,2012,40,201240
20121004,2012,40,201240
20121005,2012,40,201240
20121006,2012,40,201240
20121007,2012,41,201241
20121008,2012,41,201241
20121009,2012,41,201241
20121010,2012,41,201241
20121011,2012,41,201241
20121012,2012,41,201241
20121013,2012,41,201241
20121014,2012,42,201242
20121015,2012,42,201242
20121016,2012,42,201242
20121017,2012,42,201242
20121018,2012,42,201242
20121019,2012,42,201242
20121020,2012,42,201242
20121021,2012,43,201243
20121022,2012,43,201243
20121023,2012,43,201243
20121024,2012,43,201243
20121025,2012,43,201243
20121026,2012,43,201243
20121027,2012,43,201243
20121028,2012,44,201244
20121029,2012,44,201244
20121030,2012,44,201244
20121031,2012,44,201244
20121101,2012,44,201244
20121102,2012,44,201244
20121103,2012,44,201244
20121104,2012,45,201245
20121105,2012,45,201245
20121106,2012,45,201245
20121107,2012,45,201245
20121108,2012,45,201245
20121109,2012,45,201245
20121110,2012,45,201245
20121111,2012,46,201246
20121112,2012,46,201246
20121113,2012,46,201246
20121114,2012,46,201246
20121115,2012,46,201246
20121116,2012,46,201246
20121117,2012,46,201246
20121118,2012,47,201247
20121119,2012,47,201247
20121120,2012,47,201247
20121121,2012,47,201247
20121122,2012,47,201247
20121123,2012,47,201247
20121124,2012,47,201247
20121125,2012,48,201248
20121126,2012,48,201248
20121127,2012,48,201248
20121128,2012,48,201248
20121129,2012,48,201248
20121130,2012,48,201248
20121201,2012,48,201248
20121202,2012,49,201249
20121203,2012,49,201249
20121204,2012,49,201249
20121205,2012,49,201249
20121206,2012,49,201249
20121207,2012,49,201249
20121208,2012,49,201249
20121209,2012,50,201250
20121210,2012,50,201250
20121211,2012,50,201250
20121212,2012,50,201250
20121213,2012,50,201250
20121214,2012,50,201250
20121215,2012,50,201250
20121216,2012,51,201251
20121217,2012,51,201251
20121218,2012,51,201251
20121219,2012,51,201251
20121220,2012,51,201251
20121221,2012,51,201251
20121222,2012,51,201251
20121223,2012,52,201252
20121224,2012,52,201252
20121225,2012,52,201252
20121226,2012,52,201252
20121227,2012,52,201252
20121228,2012,52,201252
20121229,2012,52,201252
20121230,2013,1,201301
20121231,2013,1,201301
20130101,2013,1,201301
20130102,2013,1,201301
20130103,2013,1,201301
20130104,2013,1,201301
20130105,2013,1,201301
20130106,2013,2,201302
20130107,2013,2,201302
20130108,2013,2,201302
20130109,2013,2,201302
20130110,2013,2,201302
20130111,2013,2,201302
20130112,2013,2,201302
20130113,2013,3,201303
20130114,2013,3,201303
20130115,2013,3,201303
20130116,2013,3,201303
20130117,2013,3,201303
20130118,2013,3,201303
20130119,2013,3,201303
20130120,2013,4,201304
20130121,2013,4,201304
20130122,2013,4,201304
20130123,2013,4,201304
20130124,2013,4,201304
20130125,2013,4,201304
20130126,2013,4,201304
20130127,2013,5,201305
20130128,2013,5,201305
20130129,2013,5,201305
20130130,2013,5,201305
20130131,2013,5,201305
20130201,2013,5,201305
20130202,2013,5,201305
20130203,2013,6,201306
20130204,2013,6,201306
20130205,2013,6,201306
20130206,2013,6,201306
20130207,2013,6,201306
20130208,2013,6,201306
20130209,2013,6,201306
20130210,2013,7,201307
20130211,2013,7,201307
20130212,2013,7,201307
20130213,2013,7,201307
20130214,2013,7,201307
20130215,2013,7,201307
20130216,2013,7,201307
20130217,2013,8,201308
20130218,2013,8,201308
20130219,2013,8,201308
20130220,2013,8,201308
20130221,2013,8,201308
20130222,2013,8,201308
20130223,2013,8,201308
20130224,2013,9,201309
20130225,2013,9,201309
20130226,2013,9,201309
20130227,2013,9,201309
20130228,2013,9,201309
20130301,2013,9,201309
20130302,2013,9,201309
20130303,2013,10,201310
20130304,2013,10,201310
20130305,2013,10,201310
20130306,2013,10,201310
20130307,2013,10,201310
20130308,2013,10,201310
20130309,2013,10,201310
20130310,2013,11,201311
20130311,2013,11,201311
20130312,2013,11,201311
20130313,2013,11,201311
20130314,2013,11,201311
20130315,2013,11,201311
20130316,2013,11,201311
20130317,2013,12,201312
20130318,2013,12,201312
20130319,2013,12,201312
20130320,2013,12,201312
20130321,2013,12,201312
20130322,2013,12,201312
20130323,2013,12,201312
20130324,2013,13,201313
20130325,2013,13,201313
20130326,2013,13,201313
20130327,2013,13,201313
20130328,2013,13,201313
20130329,2013,13,201313
20130330,2013,13,201313
20130331,2013,14,201314
20130401,2013,14,201314
20130402,2013,14,201314
20130403,2013,14,201314
20130404,2013,14,201314
20130405,2013,14,201314
20130406,2013,14,201314
20130407,2013,15,201315
20130408,2013,15,201315
20130409,2013,15,201315
20130410,2013,15,201315
20130411,2013,15,201315
20130412,2013,15,201315
20130413,2013,15,201315
20130414,2013,16,201316
20130415,2013,16,201316
20130416,2013,16,201316
20130417,2013,16,201316
20130418,2013,16,201316
20130419,2013,16,201316
20130420,2013,16,201316
20130421,2013,17,201317
20130422,2013,17,201317
20130423,2013,17,201317
20130424,2013,17,201317
20130425,2013,17,201317
20130426,2013,17,201317
20130427,2013,17,201317
20130428,2013,18,201318
20130429,2013,18,201318
20130430,2013,18,201318
20130501,2013,18,201318
20130502,2013,18,201318
20130503,2013,18,201318
20130504,2013,18,201318
20130505,2013,19,201319
20130506,2013,19,201319
20130507,2013,19,201319
20130508,2013,19,201319
20130509,2013,19,201319
20130510,2013,19,201319
20130511,2013,19,201319
20130512,2013,20,201320
20130513,2013,20,201320
20130514,2013,20,201320
20130515,2013,20,201320
20130516,2013,20,201320
20130517,2013,20,201320
20130518,2013,20,201320
20130519,2013,21,201321
20130520,2013,21,201321
20130521,2013,21,201321
20130522,2013,21,201321
20130523,2013,21,201321
20130524,2013,21,201321
20130525,2013,21,201321
20130526,2013,22,201322
20130527,2013,22,201322
20130528,2013,22,201322
20130529,2013,22,201322
20130530,2013,22,201322
20130531,2013,22,201322
20130601,2013,22,201322
20130602,2013,23,201323
20130603,2013,23,201323
20130604,2013,23,201323
20130605,2013,23,201323
20130606,2013,23,201323
20130607,2013,23,201323
20130608,2013,23,201323
20130609,2013,24,201324
20130610,2013,24,201324
20130611,2013,24,201324
20130612,2013,24,201324
20130613,2013,24,201324
20130614,2013,24,201324
20130615,2013,24,201324
20130616,2013,25,201325
20130617,2013,25,201325
20130618,2013,25,201325
20130619,2013,25,201325
20130620,2013,25,201325
20130621,2013,25,201325
20130622,2013,25,201325
20130623,2013,26,201326
20130624,2013,26,201326
20130625,2013,26,201326
20130626,2013,26,201326
20130627,2013,26,201326
20130628,2013,26,201326
20130629,2013,26,201326
20130630,2013,27,201327
20130701,2013,27,201327
20130702,2013,27,201327
20130703,2013,27,201327
20130704,2013,27,201327
20130705,2013,27,201327
20130706,2013,27,201327
20130707,2013,28,201328
20130708,2013,28,201328
20130709,2013,28,201328
20130710,2013,28,201328
20130711,2013,28,201328
20130712,2013,28,201328
20130713,2013,28,201328
20130714,2013,29,201329
20130715,2013,29,201329
20130716,2013,29,201329
20130717,2013,29,201329
20130718,2013,29,201329
20130719,2013,29,201329
20130720,2013,29,201329
20130721,2013,30,201330
20130722,2013,30,201330
20130723,2013,30,201330
20130724,2013,30,201330
20130725,2013,30,201330
20130726,2013,30,201330
20130727,2013,30,201330
20130728,2013,31,201331
20130729,2013,31,201331
20130730,2013,31,201331
20130731,2013,31,201331
20130801,2013,31,201331
20130802,2013,31,201331
20130803,2013,31,201331
20130804,2013,32,201332
20130805,2013,32,201332
20130806,2013,32,201332
20130807,2013,32,201332
20130808,2013,32,201332
20130809,2013,32,201332
20130810,2013,32,201332
20130811,2013,33,201333
20130812,2013,33,201333
20130813,2013,33,201333
20130814,2013,33,201333
20130815,2013,33,201333
20130816,2013,33,201333
20130817,2013,33,201333
20130818,2013,34,201334
20130819,2013,34,201334
20130820,2013,34,201334
20130821,2013,34,201334
20130822,2013,34,201334
20130823,2013,34,201334
20130824,2013,34,201334
20130825,2013,35,201335
20130826,2013,35,201335
20130827,2013,35,201335
20130828,2013,35,201335
20130829,2013,35,201335
20130830,2013,35,201335
20130831,2013,35,201335
20130901,2013,36,201336
20130902,2013,36,201336
20130903,2013,36,201336
20130904,2013,36,201336
20130905,2013,36,201336
20130906,2013,36,201336
20130907,2013,36,201336
20130908,2013,37,201337
20130909,2013,37,201337
20130910,2013,37,201337
20130911,2013,37,201337
20130912,2013,37,201337
20130913,2013,37,201337
20130914,2013,37,201337
20130915,2013,38,201338
20130916,2013,38,201338
20130917,2013,38,201338
20130918,2013,38,201338
20130919,2013,38,201338
20130920,2013,38,201338
20130921,2013,38,201338
20130922,2013,39,201339
20130923,2013,39,201339
20130924,2013,39,201339
20130925,2013,39,201339
20130926,2013,39,201339
20130927,2013,39,201339
20130928,2013,39,201339
20130929,2013,40,201340
20130930,2013,40,201340
20131001,2013,40,201340
20131002,2013,40,201340
20131003,2013,40,201340
20131004,2013,40,201340
20131005,2013,40,201340
20131006,2013,41,201341
20131007,2013,41,201341
20131008,2013,41,201341
20131009,2013,41,201341
20131010,2013,41,201341
20131011,2013,41,201341
20131012,2013,41,201341
20131013,2013,42,201342
20131014,2013,42,201342
20131015,2013,42,201342
20131016,2013,42,201342
20131017,2013,42,201342
20131018,2013,42,201342
20131019,2013,42,201342
20131020,2013,43,201343
20131021,2013,43,201343
20131022,2013,43,201343
20131023,2013,43,201343
20131024,2013,43,201343
20131025,2013,43,201343
20131026,2013,43,201343
20131027,2013,44,201344
20131028,2013,44,201344
20131029,2013,44,201344
20131030,2013,44,201344
20131031,2013,44,201344
20131101,2013,44,201344
20131102,2013,44,201344
20131103,2013,45,201345
20131104,2013,45,201345
20131105,2013,45,201345
20131106,2013,45,201345
20131107,2013,45,201345
20131108,2013,45,201345
20131109,2013,45,201345
20131110,2013,46,201346
20131111,2013,46,201346
20131112,2013,46,201346
20131113,2013,46,201346
20131114,2013,46,201346
20131115,2013,46,201346
20131116,2013,46,201346
20131117,2013,47,201347
20131118,2013,47,201347
20131119,2013,47,201347
20131120,2013,47,201347
20131121,2013,47,201347
20131122,2013,47,201347
20131123,2013,47,201347
20131124,2013,48,201348
20131125,2013,48,201348
20131126,2013,48,201348
20131127,2013,48,201348
20131128,2013,48,201348
20131129,2013,48,201348
20131130,2013,48,201348
20131201,2013,49,201349
20131202,2013,49,201349
20131203,2013,49,201349
20131204,2013,49,201349
20131205,2013,49,201349
20131206,2013,49,201349
20131207,2013,49,201349
20131208,2013,50,201350
20131209,2013,50,201350
20131210,2013,50,201350
20131211,2013,50,201350
20131212,2013,50,201350
20131213,2013,50,201350
20131214,2013,50,201350
20131215,2013,51,201351
20131216,2013,51,201351
20131217,2013,51,201351
20131218,2013,51,201351
20131219,2013,51,201351
20131220,2013,51,201351
20131221,2013,51,201351
20131222,2013,52,201352
20131223,2013,52,201352
20131224,2013,52,201352
20131225,2013,52,201352
20131226,2013,52,201352
20131227,2013,52,201352
20131228,2013,52,201352
20131229,2014,1,201401
20131230,2014,1,201401
20131231,2014,1,201401
20140101,2014,1,201401
20140102,2014,1,201401
20140103,2014,1,201401
20140104,2014,1,201401
20140105,2014,2,201402
20140106,2014,2,201402
20140107,2014,2,201402
20140108,2014,2,201402
20140109,2014,2,201402
20140110,2014,2,201402
20140111,2014,2,201402
20140112,2014,3,201403
20140113,2014,3,201403
20140114,2014,3,201403
20140115,2014,3,201403
20140116,2014,3,201403
20140117,2014,3,201403
20140118,2014,3,201403
20140119,2014,4,201404
20140120,2014,4,201404
20140121,2014,4,201404
20140122,2014,4,201404
20140123,2014,4,201404
20140124,2014,4,201404
20140125,2014,4,201404
20140126,2014,5,201405
20140127,2014,5,201405
20140128,2014,5,201405
20140129,2014,5,201405
20140130,2014,5,201405
20140131,2014,5,201405
20140201,2014,5,201405
20140202,2014,6,201406
20140203,2014,6,201406
20140204,2014,6,201406
20140205,2014,6,201406
20140206,2014,6,201406
20140207,2014,6,201406
20140208,2014,6,201406
20140209,2014,7,201407
20140210,2014,7,201407
20140211,2014,7,201407
20140212,2014,7,201407
20140213,2014,7,201407
20140214,2014,7,201407
20140215,2014,7,201407
20140216,2014,8,201408
20140217,2014,8,201408
20140218,2014,8,201408
20140219,2014,8,201408
20140220,2014,8,201408
20140221,2014,8,201408
20140222,2014,8,201408
20140223,2014,9,201409
20140224,2014,9,201409
20140225,2014,9,201409
20140226,2014,9,201409
20140227,2014,9,201409
20140228,2014,9,201409
20140301,2014,9,201409
20140302,2014,10,201410
20140303,2014,10,201410
20140304,2014,10,201410
20140305,2014,10,201410
20140306,2014,10,201410
20140307,2014,10,201410
20140308,2014,10,201410
20140309,2014,11,201411
20140310,2014,11,201411
20140311,2014,11,201411
20140312,2014,11,201411
20140313,2014,11,201411
20140314,2014,11,201411
20140315,2014,11,201411
20140316,2014,12,201412
20140317,2014,12,201412
20140318,2014,12,201412
20140319,2014,12,201412
20140320,2014,12,201412
20140321,2014,12,201412
20140322,2014,12,201412
20140323,2014,13,201413
20140324,2014,13,201413
20140325,2014,13,201413
20140326,2014,13,201413
20140327,2014,13,201413
20140328,2014,13,201413
20140329,2014,13,201413
20140330,2014,14,201414
20140331,2014,14,201414
20140401,2014,14,201414
20140402,2014,14,201414
20140403,2014,14,201414
20140404,2014,14,201414
20140405,2014,14,201414
20140406,2014,15,201415
20140407,2014,15,201415
20140408,2014,15,201415
20140409,2014,15,201415
20140410,2014,15,201415
20140411,2014,15,201415
20140412,2014,15,201415
20140413,2014,16,201416
20140414,2014,16,201416
20140415,2014,16,201416
20140416,2014,16,201416
20140417,2014,16,201416
20140418,2014,16,201416
20140419,2014,16,201416
20140420,2014,17,201417
20140421,2014,17,201417
20140422,2014,17,201417
20140423,2014,17,201417
20140424,2014,17,201417
20140425,2014,17,201417
20140426,2014,17,201417
20140427,2014,18,201418
20140428,2014,18,201418
20140429,2014,18,201418
20140430,2014,18,201418
20140501,2014,18,201418
20140502,2014,18,201418
20140503,2014,18,201418
20140504,2014,19,201419
20140505,2014,19,201419
20140506,2014,19,201419
20140507,2014,19,201419
20140508,2014,19,201419
20140509,2014,19,201419
20140510,2014,19,201419
20140511,2014,20,201420
20140512,2014,20,201420
20140513,2014,20,201420
20140514,2014,20,201420
20140515,2014,20,201420
20140516,2014,20,201420
20140517,2014,20,201420
20140518,2014,21,201421
20140519,2014,21,201421
20140520,2014,21,201421
20140521,2014,21,201421
20140522,2014,21,201421
20140523,2014,21,201421
20140524,2014,21,201421
20140525,2014,22,201422
20140526,2014,22,201422
20140527,2014,22,201422
20140528,2014,22,201422
20140529,2014,22,201422
20140530,2014,22,201422
20140531,2014,22,201422
20140601,2014,23,201423
20140602,2014,23,201423
20140603,2014,23,201423
20140604,2014,23,201423
20140605,2014,23,201423
20140606,2014,23,201423
20140607,2014,23,201423
20140608,2014,24,201424
20140609,2014,24,201424
20140610,2014,24,201424
20140611,2014,24,201424
20140612,2014,24,201424
20140613,2014,24,201424
20140614,2014,24,201424
20140615,2014,25,201425
20140616,2014,25,201425
20140617,2014,25,201425
20140618,2014,25,201425
20140619,2014,25,201425
20140620,2014,25,201425
20140621,2014,25,201425
20140622,2014,26,201426
20140623,2014,26,201426
20140624,2014,26,201426
20140625,2014,26,201426
20140626,2014,26,201426
20140627,2014,26,201426
20140628,2014,26,201426
20140629,2014,27,201427
20140630,2014,27,201427
20140701,2014,27,201427
20140702,2014,27,201427
20140703,2014,27,201427
20140704,2014,27,201427
20140705,2014,27,201427
20140706,2014,28,201428
20140707,2014,28,201428
20140708,2014,28,201428
20140709,2014,28,201428
20140710,2014,28,201428
20140711,2014,28,201428
20140712,2014,28,201428
20140713,2014,29,201429
20140714,2014,29,201429
20140715,2014,29,201429
20140716,2014,29,201429
20140717,2014,29,201429
20140718,2014,29,201429
20140719,2014,29,201429
20140720,2014,30,201430
20140721,2014,30,201430
20140722,2014,30,201430
20140723,2014,30,201430
20140724,2014,30,201430
20140725,2014,30,201430
20140726,2014,30,201430
20140727,2014,31,201431
20140728,2014,31,201431
20140729,2014,31,201431
20140730,2014,31,201431
20140731,2014,31,201431
20140801,2014,31,201431
20140802,2014,31,201431
20140803,2014,32,201432
20140804,2014,32,201432
20140805,2014,32,201432
20140806,2014,32,201432
20140807,2014,32,201432
20140808,2014,32,201432
20140809,2014,32,201432
20140810,2014,33,201433
20140811,2014,33,201433
20140812,2014,33,201433
20140813,2014,33,201433
20140814,2014,33,201433
20140815,2014,33,201433
20140816,2014,33,201433
20140817,2014,34,201434
20140818,2014,34,201434
20140819,2014,34,201434
20140820,2014,34,201434
20140821,2014,34,201434
20140822,2014,34,201434
20140823,2014,34,201434
20140824,2014,35,201435
20140825,2014,35,201435
20140826,2014,35,201435
20140827,2014,35,201435
20140828,2014,35,201435
20140829,2014,35,201435
20140830,2014,35,201435
20140831,2014,36,201436
20140901,2014,36,201436
20140902,2014,36,201436
20140903,2014,36,201436
20140904,2014,36,201436
20140905,2014,36,201436
20140906,2014,36,201436
20140907,2014,37,201437
20140908,2014,37,201437
20140909,2014,37,201437
20140910,2014,37,201437
20140911,2014,37,201437
20140912,2014,37,201437
20140913,2014,37,201437
20140914,2014,38,201438
20140915,2014,38,201438
20140916,2014,38,201438
20140917,2014,38,201438
20140918,2014,38,201438
20140919,2014,38,201438
20140920,2014,38,201438
20140921,2014,39,201439
20140922,2014,39,201439
20140923,2014,39,201439
20140924,2014,39,201439
20140925,2014,39,201439
20140926,2014,39,201439
20140927,2014,39,201439
20140928,2014,40,201440
20140929,2014,40,201440
20140930,2014,40,201440
20141001,2014,40,201440
20141002,2014,40,201440
20141003,2014,40,201440
20141004,2014,40,201440
20141005,2014,41,201441
20141006,2014,41,201441
20141007,2014,41,201441
20141008,2014,41,201441
20141009,2014,41,201441
20141010,2014,41,201441
20141011,2014,41,201441
20141012,2014,42,201442
20141013,2014,42,201442
20141014,2014,42,201442
20141015,2014,42,201442
20141016,2014,42,201442
20141017,2014,42,201442
20141018,2014,42,201442
20141019,2014,43,201443
20141020,2014,43,201443
20141021,2014,43,201443
20141022,2014,43,201443
20141023,2014,43,201443
20141024,2014,43,201443
20141025,2014,43,201443
20141026,2014,44,201444
20141027,2014,44,201444
20141028,2014,44,201444
20141029,2014,44,201444
20141030,2014,44,201444
20141031,2014,44,201444
20141101,2014,44,201444
20141102,2014,45,201445
20141103,2014,45,201445
20141104,2014,45,201445
20141105,2014,45,201445
20141106,2014,45,201445
20141107,2014,45,201445
20141108,2014,45,201445
20141109,2014,46,201446
20141110,2014,46,201446
20141111,2014,46,201446
20141112,2014,46,201446
20141113,2014,46,201446
20141114,2014,46,201446
20141115,2014,46,201446
20141116,2014,47,201447
20141117,2014,47,201447
20141118,2014,47,201447
20141119,2014,47,201447
20141120,2014,47,201447
20141121,2014,47,201447
20141122,2014,47,201447
20141123,2014,48,201448
20141124,2014,48,201448
20141125,2014,48,201448
20141126,2014,48,201448
20141127,2014,48,201448
20141128,2014,48,201448
20141129,2014,48,201448
20141130,2014,49,201449
20141201,2014,49,201449
20141202,2014,49,201449
20141203,2014,49,201449
20141204,2014,49,201449
20141205,2014,49,201449
20141206,2014,49,201449
20141207,2014,50,201450
20141208,2014,50,201450
20141209,2014,50,201450
20141210,2014,50,201450
20141211,2014,50,201450
20141212,2014,50,201450
20141213,2014,50,201450
20141214,2014,51,201451
20141215,2014,51,201451
20141216,2014,51,201451
20141217,2014,51,201451
20141218,2014,51,201451
20141219,2014,51,201451
20141220,2014,51,201451
20141221,2014,52,201452
20141222,2014,52,201452
20141223,2014,52,201452
20141224,2014,52,201452
20141225,2014,52,201452
20141226,2014,52,201452
20141227,2014,52,201452
20141228,2014,53,201453
20141229,2014,53,201453
20141230,2014,53,201453
20141231,2014,53,201453
20150101,2014,53,201453
20150102,2014,53,201453
20150103,2014,53,201453
20150104,2015,1,201501
20150105,2015,1,201501
20150106,2015,1,201501
20150107,2015,1,201501
20150108,2015,1,201501
20150109,2015,1,201501
20150110,2015,1,201501
20150111,2015,2,201502
20150112,2015,2,201502
20150113,2015,2,201502
20150114,2015,2,201502
20150115,2015,2,201502
20150116,2015,2,201502
20150117,2015,2,201502
20150118,2015,3,201503
20150119,2015,3,201503
20150120,2015,3,201503
20150121,2015,3,201503
20150122,2015,3,201503
20150123,2015,3,201503
20150124,2015,3,201503
20150125,2015,4,201504
20150126,2015,4,201504
20150127,2015,4,201504
20150128,2015,4,201504
20150129,2015,4,201504
20150130,2015,4,201504
20150131,2015,4,201504
20150201,2015,5,201505
20150202,2015,5,201505
20150203,2015,5,201505
20150204,2015,5,201505
20150205,2015,5,201505
20150206,2015,5,201505
20150207,2015,5,201505
20150208,2015,6,201506
20150209,2015,6,201506
20150210,2015,6,201506
20150211,2015,6,201506
20150212,2015,6,201506
20150213,2015,6,201506
20150214,2015,6,201506
20150215,2015,7,201507
20150216,2015,7,201507
20150217,2015,7,201507
20150218,2015,7,201507
20150219,2015,7,201507
20150220,2015,7,201507
20150221,2015,7,201507
20150222,2015,8,201508
20150223,2015,8,201508
20150224,2015,8,201508
20150225,2015,8,201508
20150226,2015,8,201508
20150227,2015,8,201508
20150228,2015,8,201508
20150301,2015,9,201509
20150302,2015,9,201509
20150303,2015,9,201509
20150304,2015,9,201509
20150305,2015,9,201509
20150306,2015,9,201509
20150307,2015,9,201509
20150308,2015,10,201510
20150309,2015,10,201510
20150310,2015,10,201510
20150311,2015,10,201510
20150312,2015,10,201510
20150313,2015,10,201510
20150314,2015,10,201510
20150315,2015,11,201511
20150316,2015,11,201511
20150317,2015,11,201511
20150318,2015,11,201511
20150319,2015,11,201511
20150320,2015,11,201511
20150321,2015,11,201511
20150322,2015,12,201512
20150323,2015,12,201512
20150324,2015,12,201512
20150325,2015,12,201512
20150326,2015,12,201512
20150327,2015,12,201512
20150328,2015,12,201512
20150329,2015,13,201513
20150330,2015,13,201513
20150331,2015,13,201513
20150401,2015,13,201513
20150402,2015,13,201513
20150403,2015,13,201513
20150404,2015,13,201513
20150405,2015,14,201514
20150406,2015,14,201514
20150407,2015,14,201514
20150408,2015,14,201514
20150409,2015,14,201514
20150410,2015,14,201514
20150411,2015,14,201514
20150412,2015,15,201515
20150413,2015,15,201515
20150414,2015,15,201515
20150415,2015,15,201515
20150416,2015,15,201515
20150417,2015,15,201515
20150418,2015,15,201515
20150419,2015,16,201516
20150420,2015,16,201516
20150421,2015,16,201516
20150422,2015,16,201516
20150423,2015,16,201516
20150424,2015,16,201516
20150425,2015,16,201516
20150426,2015,17,201517
20150427,2015,17,201517
20150428,2015,17,201517
20150429,2015,17,201517
20150430,2015,17,201517
20150501,2015,17,201517
20150502,2015,17,201517
20150503,2015,18,201518
20150504,2015,18,201518
20150505,2015,18,201518
20150506,2015,18,201518
20150507,2015,18,201518
20150508,2015,18,201518
20150509,2015,18,201518
20150510,2015,19,201519
20150511,2015,19,201519
20150512,2015,19,201519
20150513,2015,19,201519
20150514,2015,19,201519
20150515,2015,19,201519
20150516,2015,19,201519
20150517,2015,20,201520
20150518,2015,20,201520
20150519,2015,20,201520
20150520,2015,20,201520
20150521,2015,20,201520
20150522,2015,20,201520
20150523,2015,20,201520
20150524,2015,21,201521
20150525,2015,21,201521
20150526,2015,21,201521
20150527,2015,21,201521
20150528,2015,21,201521
20150529,2015,21,201521
20150530,2015,21,201521
20150531,2015,22,201522
20150601,2015,22,201522
20150602,2015,22,201522
20150603,2015,22,201522
20150604,2015,22,201522
20150605,2015,22,201522
20150606,2015,22,201522
20150607,2015,23,201523
20150608,2015,23,201523
20150609,2015,23,201523
20150610,2015,23,201523
20150611,2015,23,201523
20150612,2015,23,201523
20150613,2015,23,201523
20150614,2015,24,201524
20150615,2015,24,201524
20150616,2015,24,201524
20150617,2015,24,201524
20150618,2015,24,201524
20150619,2015,24,201524
20150620,2015,24,201524
20150621,2015,25,201525
20150622,2015,25,201525
20150623,2015,25,201525
20150624,2015,25,201525
20150625,2015,25,201525
20150626,2015,25,201525
20150627,2015,25,201525
20150628,2015,26,201526
20150629,2015,26,201526
20150630,2015,26,201526
20150701,2015,26,201526
20150702,2015,26,201526
20150703,2015,26,201526
20150704,2015,26,201526
20150705,2015,27,201527
20150706,2015,27,201527
20150707,2015,27,201527
20150708,2015,27,201527
20150709,2015,27,201527
20150710,2015,27,201527
20150711,2015,27,201527
20150712,2015,28,201528
20150713,2015,28,201528
20150714,2015,28,201528
20150715,2015,28,201528
20150716,2015,28,201528
20150717,2015,28,201528
20150718,2015,28,201528
20150719,2015,29,201529
20150720,2015,29,201529
20150721,2015,29,201529
20150722,2015,29,201529
20150723,2015,29,201529
20150724,2015,29,201529
20150725,2015,29,201529
20150726,2015,30,201530
20150727,2015,30,201530
20150728,2015,30,201530
20150729,2015,30,201530
20150730,2015,30,201530
20150731,2015,30,201530
20150801,2015,30,201530
20150802,2015,31,201531
20150803,2015,31,201531
20150804,2015,31,201531
20150805,2015,31,201531
20150806,2015,31,201531
20150807,2015,31,201531
20150808,2015,31,201531
20150809,2015,32,201532
20150810,2015,32,201532
20150811,2015,32,201532
20150812,2015,32,201532
20150813,2015,32,201532
20150814,2015,32,201532
20150815,2015,32,201532
20150816,2015,33,201533
20150817,2015,33,201533
20150818,2015,33,201533
20150819,2015,33,201533
20150820,2015,33,201533
20150821,2015,33,201533
20150822,2015,33,201533
20150823,2015,34,201534
20150824,2015,34,201534
20150825,2015,34,201534
20150826,2015,34,201534
20150827,2015,34,201534
20150828,2015,34,201534
20150829,2015,34,201534
20150830,2015,35,201535
20150831,2015,35,201535
20150901,2015,35,201535
20150902,2015,35,201535
20150903,2015,35,201535
20150904,2015,35,201535
20150905,2015,35,201535
20150906,2015,36,201536
20150907,2015,36,201536
20150908,2015,36,201536
20150909,2015,36,201536
20150910,2015,36,201536
20150911,2015,36,201536
20150912,2015,36,201536
20150913,2015,37,201537
20150914,2015,37,201537
20150915,2015,37,201537
20150916,2015,37,201537
20150917,2015,37,201537
20150918,2015,37,201537
20150919,2015,37,201537
20150920,2015,38,201538
20150921,2015,38,201538
20150922,2015,38,201538
20150923,2015,38,201538
20150924,2015,38,201538
20150925,2015,38,201538
20150926,2015,38,201538
20150927,2015,39,201539
20150928,2015,39,201539
20150929,2015,39,201539
20150930,2015,39,201539
20151001,2015,39,201539
20151002,2015,39,201539
20151003,2015,39,201539
20151004,2015,40,201540
20151005,2015,40,201540
20151006,2015,40,201540
20151007,2015,40,201540
20151008,2015,40,201540
20151009,2015,40,201540
20151010,2015,40,201540
20151011,2015,41,201541
20151012,2015,41,201541
20151013,2015,41,201541
20151014,2015,41,201541
20151015,2015,41,201541
20151016,2015,41,201541
20151017,2015,41,201541
20151018,2015,42,201542
20151019,2015,42,201542
20151020,2015,42,201542
20151021,2015,42,201542
20151022,2015,42,201542
20151023,2015,42,201542
20151024,2015,42,201542
20151025,2015,43,201543
20151026,2015,43,201543
20151027,2015,43,201543
20151028,2015,43,201543
20151029,2015,43,201543
20151030,2015,43,201543
20151031,2015,43,201543
20151101,2015,44,201544
20151102,2015,44,201544
20151103,2015,44,201544
20151104,2015,44,201544
20151105,2015,44,201544
20151106,2015,44,201544
20151107,2015,44,201544
20151108,2015,45,201545
20151109,2015,45,201545
20151110,2015,45,201545
20151111,2015,45,201545
20151112,2015,45,201545
20151113,2015,45,201545
20151114,2015,45,201545
20151115,2015,46,201546
20151116,2015,46,201546
20151117,2015,46,201546
20151118,2015,46,201546
20151119,2015,46,201546
20151120,2015,46,201546
20151121,2015,46,201546
20151122,2015,47,201547
20151123,2015,47,201547
20151124,2015,47,201547
20151125,2015,47,201547
20151126,2015,47,201547
20151127,2015,47,201547
20151128,2015,47,201547
20151129,2015,48,201548
20151130,2015,48,201548
20151201,2015,48,201548
20151202,2015,48,201548
20151203,2015,48,201548
20151204,2015,48,201548
20151205,2015,48,201548
20151206,2015,49,201549
20151207,2015,49,201549
20151208,2015,49,201549
20151209,2015,49,201549
20151210,2015,49,201549
20151211,2015,49,201549
20151212,2015,49,201549
20151213,2015,50,201550
20151214,2015,50,201550
20151215,2015,50,201550
20151216,2015,50,201550
20151217,2015,50,201550
20151218,2015,50,201550
20151219,2015,50,201550
20151220,2015,51,201551
20151221,2015,51,201551
20151222,2015,51,201551
20151223,2015,51,201551
20151224,2015,51,201551
20151225,2015,51,201551
20151226,2015,51,201551
20151227,2015,52,201552
20151228,2015,52,201552
20151229,2015,52,201552
20151230,2015,52,201552
20151231,2015,52,201552
20160101,2015,52,201552
20160102,2015,52,201552
20160103,2016,1,201601
20160104,2016,1,201601
20160105,2016,1,201601
20160106,2016,1,201601
20160107,2016,1,201601
20160108,2016,1,201601
20160109,2016,1,201601
20160110,2016,2,201602
20160111,2016,2,201602
20160112,2016,2,201602
20160113,2016,2,201602
20160114,2016,2,201602
20160115,2016,2,201602
20160116,2016,2,201602
20160117,2016,3,201603
20160118,2016,3,201603
20160119,2016,3,201603
20160120,2016,3,201603
20160121,2016,3,201603
20160122,2016,3,201603
20160123,2016,3,201603
20160124,2016,4,201604
20160125,2016,4,201604
20160126,2016,4,201604
20160127,2016,4,201604
20160128,2016,4,201604
20160129,2016,4,201604
20160130,2016,4,201604
20160131,2016,5,201605
20160201,2016,5,201605
20160202,2016,5,201605
20160203,2016,5,201605
20160204,2016,5,201605
20160205,2016,5,201605
20160206,2016,5,201605
20160207,2016,6,201606
20160208,2016,6,201606
20160209,2016,6,201606
20160210,2016,6,201606
20160211,2016,6,201606
20160212,2016,6,201606
20160213,2016,6,201606
20160214,2016,7,201607
20160215,2016,7,201607
20160216,2016,7,201607
20160217,2016,7,201607
20160218,2016,7,201607
20160219,2016,7,201607
20160220,2016,7,201607
20160221,2016,8,201608
20160222,2016,8,201608
20160223,2016,8,201608
20160224,2016,8,201608
20160225,2016,8,201608
20160226,2016,8,201608
20160227,2016,8,201608
20160228,2016,9,201609
20160229,2016,9,201609
20160301,2016,9,201609
20160302,2016,9,201609
20160303,2016,9,201609
20160304,2016,9,201609
20160305,2016,9,201609
20160306,2016,10,201610
20160307,2016,10,201610
20160308,2016,10,201610
20160309,2016,10,201610
20160310,2016,10,201610
20160311,2016,10,201610
20160312,2016,10,201610
20160313,2016,11,201611
20160314,2016,11,201611
20160315,2016,11,201611
20160316,2016,11,201611
20160317,2016,11,201611
20160318,2016,11,201611
20160319,2016,11,201611
20160320,2016,12,201612
20160321,2016,12,201612
20160322,2016,12,201612
20160323,2016,12,201612
20160324,2016,12,201612
20160325,2016,12,201612
20160326,2016,12,201612
20160327,2016,13,201613
20160328,2016,13,201613
20160329,2016,13,201613
20160330,2016,13,201613
20160331,2016,13,201613
20160401,2016,13,201613
20160402,2016,13,201613
20160403,2016,14,201614
20160404,2016,14,201614
20160405,2016,14,201614
20160406,2016,14,201614
20160407,2016,14,201614
20160408,2016,14,201614
20160409,2016,14,201614
20160410,2016,15,201615
20160411,2016,15,201615
20160412,2016,15,201615
20160413,2016,15,201615
20160414,2016,15,201615
20160415,2016,15,201615
20160416,2016,15,201615
20160417,2016,16,201616
20160418,2016,16,201616
20160419,2016,16,201616
20160420,2016,16,201616
20160421,2016,16,201616
20160422,2016,16,201616
20160423,2016,16,201616
20160424,2016,17,201617
20160425,2016,17,201617
20160426,2016,17,201617
20160427,2016,17,201617
20160428,2016,17,201617
20160429,2016,17,201617
20160430,2016,17,201617
20160501,2016,18,201618
20160502,2016,18,201618
20160503,2016,18,201618
20160504,2016,18,201618
20160505,2016,18,201618
20160506,2016,18,201618
20160507,2016,18,201618
20160508,2016,19,201619
20160509,2016,19,201619
20160510,2016,19,201619
20160511,2016,19,201619
20160512,2016,19,201619
20160513,2016,19,201619
20160514,2016,19,201619
20160515,2016,20,201620
20160516,2016,20,201620
20160517,2016,20,201620
20160518,2016,20,201620
20160519,2016,20,201620
20160520,2016,20,201620
20160521,2016,20,201620
20160522,2016,21,201621
20160523,2016,21,201621
20160524,2016,21,201621
20160525,2016,21,201621
20160526,2016,21,201621
20160527,2016,21,201621
20160528,2016,21,201621
20160529,2016,22,201622
20160530,2016,22,201622
20160531,2016,22,201622
20160601,2016,22,201622
20160602,2016,22,201622
20160603,2016,22,201622
20160604,2016,22,201622
20160605,2016,23,201623
20160606,2016,23,201623
20160607,2016,23,201623
20160608,2016,23,201623
20160609,2016,23,201623
20160610,2016,23,201623
20160611,2016,23,201623
20160612,2016,24,201624
20160613,2016,24,201624
20160614,2016,24,201624
20160615,2016,24,201624
20160616,2016,24,201624
20160617,2016,24,201624
20160618,2016,24,201624
20160619,2016,25,201625
20160620,2016,25,201625
20160621,2016,25,201625
20160622,2016,25,201625
20160623,2016,25,201625
20160624,2016,25,201625
20160625,2016,25,201625
20160626,2016,26,201626
20160627,2016,26,201626
20160628,2016,26,201626
20160629,2016,26,201626
20160630,2016,26,201626
20160701,2016,26,201626
20160702,2016,26,201626
20160703,2016,27,201627
20160704,2016,27,201627
20160705,2016,27,201627
20160706,2016,27,201627
20160707,2016,27,201627
20160708,2016,27,201627
20160709,2016,27,201627
20160710,2016,28,201628
20160711,2016,28,201628
20160712,2016,28,201628
20160713,2016,28,201628
20160714,2016,28,201628
20160715,2016,28,201628
20160716,2016,28,201628
20160717,2016,29,201629
20160718,2016,29,201629
20160719,2016,29,201629
20160720,2016,29,201629
20160721,2016,29,201629
20160722,2016,29,201629
20160723,2016,29,201629
20160724,2016,30,201630
20160725,2016,30,201630
20160726,2016,30,201630
20160727,2016,30,201630
20160728,2016,30,201630
20160729,2016,30,201630
20160730,2016,30,201630
20160731,2016,31,201631
20160801,2016,31,201631
20160802,2016,31,201631
20160803,2016,31,201631
20160804,2016,31,201631
20160805,2016,31,201631
20160806,2016,31,201631
20160807,2016,32,201632
20160808,2016,32,201632
20160809,2016,32,201632
20160810,2016,32,201632
20160811,2016,32,201632
20160812,2016,32,201632
20160813,2016,32,201632
20160814,2016,33,201633
20160815,2016,33,201633
20160816,2016,33,201633
20160817,2016,33,201633
20160818,2016,33,201633
20160819,2016,33,201633
20160820,2016,33,201633
20160821,2016,34,201634
20160822,2016,34,201634
20160823,2016,34,201634
20160824,2016,34,201634
20160825,2016,34,201634
20160826,2016,34,201634
20160827,2016,34,201634
20160828,2016,35,201635
20160829,2016,35,201635
20160830,2016,35,201635
20160831,2016,35,201635
20160901,2016,35,201635
20160902,2016,35,201635
20160903,2016,35,201635
20160904,2016,36,201636
20160905,2016,36,201636
20160906,2016,36,201636
20160907,2016,36,201636
20160908,2016,36,201636
20160909,2016,36,201636
20160910,2016,36,201636
20160911,2016,37,201637
20160912,2016,37,201637
20160913,2016,37,201637
20160914,2016,37,201637
20160915,2016,37,201637
20160916,2016,37,201637
20160917,2016,37,201637
20160918,2016,38,201638
20160919,2016,38,201638
20160920,2016,38,201638
20160921,2016,38,201638
20160922,2016,38,201638
20160923,2016,38,201638
20160924,2016,38,201638
20160925,2016,39,201639
20160926,2016,39,201639
20160927,2016,39,201639
20160928,2016,39,201639
20160929,2016,39,201639
20160930,2016,39,201639
20161001,2016,39,201639
20161002,2016,40,201640
20161003,2016,40,201640
20161004,2016,40,201640
20161005,2016,40,201640
20161006,2016,40,201640
20161007,2016,40,201640
20161008,2016,40,201640
20161009,2016,41,201641
20161010,2016,41,201641
20161011,2016,41,201641
20161012,2016,41,201641
20161013,2016,41,201641
20161014,2016,41,201641
20161015,2016,41,201641
20161016,2016,42,201642
20161017,2016,42,201642
20161018,2016,42,201642
20161019,2016,42,201642
20161020,2016,42,201642
20161021,2016,42,201642
20161022,2016,42,201642
20161023,2016,43,201643
20161024,2016,43,201643
20161025,2016,43,201643
20161026,2016,43,201643
20161027,2016,43,201643
20161028,2016,43,201643
20161029,2016,43,201643
20161030,2016,44,201644
20161031,2016,44,201644
20161101,2016,44,201644
20161102,2016,44,201644
20161103,2016,44,201644
20161104,2016,44,201644
20161105,2016,44,201644
20161106,2016,45,201645
20161107,2016,45,201645
20161108,2016,45,201645
20161109,2016,45,201645
20161110,2016,45,201645
20161111,2016,45,201645
20161112,2016,45,201645
20161113,2016,46,201646
20161114,2016,46,201646
20161115,2016,46,201646
20161116,2016,46,201646
20161117,2016,46,201646
20161118,2016,46,201646
20161119,2016,46,201646
20161120,2016,47,201647
20161121,2016,47,201647
20161122,2016,47,201647
20161123,2016,47,201647
20161124,2016,47,201647
20161125,2016,47,201647
20161126,2016,47,201647
20161127,2016,48,201648
20161128,2016,48,201648
20161129,2016,48,201648
20161130,2016,48,201648
20161201,2016,48,201648
20161202,2016,48,201648
20161203,2016,48,201648
20161204,2016,49,201649
20161205,2016,49,201649
20161206,2016,49,201649
20161207,2016,49,201649
20161208,2016,49,201649
20161209,2016,49,201649
20161210,2016,49,201649
20161211,2016,50,201650
20161212,2016,50,201650
20161213,2016,50,201650
20161214,2016,50,201650
20161215,2016,50,201650
20161216,2016,50,201650
20161217,2016,50,201650
20161218,2016,51,201651
20161219,2016,51,201651
20161220,2016,51,201651
20161221,2016,51,201651
20161222,2016,51,201651
20161223,2016,51,201651
20161224,2016,51,201651
20161225,2016,52,201652
20161226,2016,52,201652
20161227,2016,52,201652
20161228,2016,52,201652
20161229,2016,52,201652
20161230,2016,52,201652
20161231,2016,52,201652
20170101,2017,1,201701
20170102,2017,1,201701
20170103,2017,1,201701
20170104,2017,1,201701
20170105,2017,1,201701
20170106,2017,1,201701
20170107,2017,1,201701
20170108,2017,2,201702
20170109,2017,2,201702
20170110,2017,2,201702
20170111,2017,2,201702
20170112,2017,2,201702
20170113,2017,2,201702
20170114,2017,2,201702
20170115,2017,3,201703
20170116,2017,3,201703
20170117,2017,3,201703
20170118,2017,3,201703
20170119,2017,3,201703
20170120,2017,3,201703
20170121,2017,3,201703
20170122,2017,4,201704
20170123,2017,4,201704
20170124,2017,4,201704
20170125,2017,4,201704
20170126,2017,4,201704
20170127,2017,4,201704
20170128,2017,4,201704
20170129,2017,5,201705
20170130,2017,5,201705
20170131,2017,5,201705
20170201,2017,5,201705
20170202,2017,5,201705
20170203,2017,5,201705
20170204,2017,5,201705
20170205,2017,6,201706
20170206,2017,6,201706
20170207,2017,6,201706
20170208,2017,6,201706
20170209,2017,6,201706
20170210,2017,6,201706
20170211,2017,6,201706
20170212,2017,7,201707
20170213,2017,7,201707
20170214,2017,7,201707
20170215,2017,7,201707
20170216,2017,7,201707
20170217,2017,7,201707
20170218,2017,7,201707
20170219,2017,8,201708
20170220,2017,8,201708
20170221,2017,8,201708
20170222,2017,8,201708
20170223,2017,8,201708
20170224,2017,8,201708
20170225,2017,8,201708
20170226,2017,9,201709
20170227,2017,9,201709
20170228,2017,9,201709
20170301,2017,9,201709
20170302,2017,9,201709
20170303,2017,9,201709
20170304,2017,9,201709
20170305,2017,10,201710
20170306,2017,10,201710
20170307,2017,10,201710
20170308,2017,10,201710
20170309,2017,10,201710
20170310,2017,10,201710
20170311,2017,10,201710
20170312,2017,11,201711
20170313,2017,11,201711
20170314,2017,11,201711
20170315,2017,11,201711
20170316,2017,11,201711
20170317,2017,11,201711
20170318,2017,11,201711
20170319,2017,12,201712
20170320,2017,12,201712
20170321,2017,12,201712
20170322,2017,12,201712
20170323,2017,12,201712
20170324,2017,12,201712
20170325,2017,12,201712
20170326,2017,13,201713
20170327,2017,13,201713
20170328,2017,13,201713
20170329,2017,13,201713
20170330,2017,13,201713
20170331,2017,13,201713
20170401,2017,13,201713
20170402,2017,14,201714
20170403,2017,14,201714
20170404,2017,14,201714
20170405,2017,14,201714
20170406,2017,14,201714
20170407,2017,14,201714
20170408,2017,14,201714
20170409,2017,15,201715
20170410,2017,15,201715
20170411,2017,15,201715
20170412,2017,15,201715
20170413,2017,15,201715
20170414,2017,15,201715
20170415,2017,15,201715
20170416,2017,16,201716
20170417,2017,16,201716
20170418,2017,16,201716
20170419,2017,16,201716
20170420,2017,16,201716
20170421,2017,16,201716
20170422,2017,16,201716
20170423,2017,17,201717
20170424,2017,17,201717
20170425,2017,17,201717
20170426,2017,17,201717
20170427,2017,17,201717
20170428,2017,17,201717
20170429,2017,17,201717
20170430,2017,18,201718
20170501,2017,18,201718
20170502,2017,18,201718
20170503,2017,18,201718
20170504,2017,18,201718
20170505,2017,18,201718
20170506,2017,18,201718
20170507,2017,19,201719
20170508,2017,19,201719
20170509,2017,19,201719
20170510,2017,19,201719
20170511,2017,19,201719
20170512,2017,19,201719
20170513,2017,19,201719
20170514,2017,20,201720
20170515,2017,20,201720
20170516,2017,20,201720
20170517,2017,20,201720
20170518,2017,20,201720
20170519,2017,20,201720
20170520,2017,20,201720
20170521,2017,21,201721
20170522,2017,21,201721
20170523,2017,21,201721
20170524,2017,21,201721
20170525,2017,21,201721
20170526,2017,21,201721
20170527,2017,21,201721
20170528,2017,22,201722
20170529,2017,22,201722
20170530,2017,22,201722
20170531,2017,22,201722
20170601,2017,22,201722
20170602,2017,22,201722
20170603,2017,22,201722
20170604,2017,23,201723
20170605,2017,23,201723
20170606,2017,23,201723
20170607,2017,23,201723
20170608,2017,23,201723
20170609,2017,23,201723
20170610,2017,23,201723
20170611,2017,24,201724
20170612,2017,24,201724
20170613,2017,24,201724
20170614,2017,24,201724
20170615,2017,24,201724
20170616,2017,24,201724
20170617,2017,24,201724
20170618,2017,25,201725
20170619,2017,25,201725
20170620,2017,25,201725
20170621,2017,25,201725
20170622,2017,25,201725
20170623,2017,25,201725
20170624,2017,25,201725
20170625,2017,26,201726
20170626,2017,26,201726
20170627,2017,26,201726
20170628,2017,26,201726
20170629,2017,26,201726
20170630,2017,26,201726
20170701,2017,26,201726
20170702,2017,27,201727
20170703,2017,27,201727
20170704,2017,27,201727
20170705,2017,27,201727
20170706,2017,27,201727
20170707,2017,27,201727
20170708,2017,27,201727
20170709,2017,28,201728
20170710,2017,28,201728
20170711,2017,28,201728
20170712,2017,28,201728
20170713,2017,28,201728
20170714,2017,28,201728
20170715,2017,28,201728
20170716,2017,29,201729
20170717,2017,29,201729
20170718,2017,29,201729
20170719,2017,29,201729
20170720,2017,29,201729
20170721,2017,29,201729
20170722,2017,29,201729
20170723,2017,30,201730
20170724,2017,30,201730
20170725,2017,30,201730
20170726,2017,30,201730
20170727,2017,30,201730
20170728,2017,30,201730
20170729,2017,30,201730
20170730,2017,31,201731
20170731,2017,31,201731
20170801,2017,31,201731
20170802,2017,31,201731
20170803,2017,31,201731
20170804,2017,31,201731
20170805,2017,31,201731
20170806,2017,32,201732
20170807,2017,32,201732
20170808,2017,32,201732
20170809,2017,32,201732
20170810,2017,32,201732
20170811,2017,32,201732
20170812,2017,32,201732
20170813,2017,33,201733
20170814,2017,33,201733
20170815,2017,33,201733
20170816,2017,33,201733
20170817,2017,33,201733
20170818,2017,33,201733
20170819,2017,33,201733
20170820,2017,34,201734
20170821,2017,34,201734
20170822,2017,34,201734
20170823,2017,34,201734
20170824,2017,34,201734
20170825,2017,34,201734
20170826,2017,34,201734
20170827,2017,35,201735
20170828,2017,35,201735
20170829,2017,35,201735
20170830,2017,35,201735
20170831,2017,35,201735
20170901,2017,35,201735
20170902,2017,35,201735
20170903,2017,36,201736
20170904,2017,36,201736
20170905,2017,36,201736
20170906,2017,36,201736
20170907,2017,36,201736
20170908,2017,36,201736
20170909,2017,36,201736
20170910,2017,37,201737
20170911,2017,37,201737
20170912,2017,37,201737
20170913,2017,37,201737
20170914,2017,37,201737
20170915,2017,37,201737
20170916,2017,37,201737
20170917,2017,38,201738
20170918,2017,38,201738
20170919,2017,38,201738
20170920,2017,38,201738
20170921,2017,38,201738
20170922,2017,38,201738
20170923,2017,38,201738
20170924,2017,39,201739
20170925,2017,39,201739
20170926,2017,39,201739
20170927,2017,39,201739
20170928,2017,39,201739
20170929,2017,39,201739
20170930,2017,39,201739
20171001,2017,40,201740
20171002,2017,40,201740
20171003,2017,40,201740
20171004,2017,40,201740
20171005,2017,40,201740
20171006,2017,40,201740
20171007,2017,40,201740
20171008,2017,41,201741
20171009,2017,41,201741
20171010,2017,41,201741
20171011,2017,41,201741
20171012,2017,41,201741
20171013,2017,41,201741
20171014,2017,41,201741
20171015,2017,42,201742
20171016,2017,42,201742
20171017,2017,42,201742
20171018,2017,42,201742
20171019,2017,42,201742
20171020,2017,42,201742
20171021,2017,42,201742
20171022,2017,43,201743
20171023,2017,43,201743
20171024,2017,43,201743
20171025,2017,43,201743
20171026,2017,43,201743
20171027,2017,43,201743
20171028,2017,43,201743
20171029,2017,44,201744
20171030,2017,44,201744
20171031,2017,44,201744
20171101,2017,44,201744
20171102,2017,44,201744
20171103,2017,44,201744
20171104,2017,44,201744
20171105,2017,45,201745
20171106,2017,45,201745
20171107,2017,45,201745
20171108,2017,45,201745
20171109,2017,45,201745
20171110,2017,45,201745
20171111,2017,45,201745
20171112,2017,46,201746
20171113,2017,46,201746
20171114,2017,46,201746
20171115,2017,46,201746
20171116,2017,46,201746
20171117,2017,46,201746
20171118,2017,46,201746
20171119,2017,47,201747
20171120,2017,47,201747
20171121,2017,47,201747
20171122,2017,47,201747
20171123,2017,47,201747
20171124,2017,47,201747
20171125,2017,47,201747
20171126,2017,48,201748
20171127,2017,48,201748
20171128,2017,48,201748
20171129,2017,48,201748
20171130,2017,48,201748
20171201,2017,48,201748
20171202,2017,48,201748
20171203,2017,49,201749
20171204,2017,49,201749
20171205,2017,49,201749
20171206,2017,49,201749
20171207,2017,49,201749
20171208,2017,49,201749
20171209,2017,49,201749
20171210,2017,50,201750
20171211,2017,50,201750
20171212,2017,50,201750
20171213,2017,50,201750
20171214,2017,50,201750
20171215,2017,50,201750
20171216,2017,50,201750
20171217,2017,51,201751
20171218,2017,51,201751
20171219,2017,51,201751
20171220,2017,51,201751
20171221,2017,51,201751
20171222,2017,51,201751
20171223,2017,51,201751
20171224,2017,52,201752
20171225,2017,52,201752
20171226,2017,52,201752
20171227,2017,52,201752
20171228,2017,52,201752
20171229,2017,52,201752
20171230,2017,52,201752
20171231,2018,1,201801
20180101,2018,1,201801
20180102,2018,1,201801
20180103,2018,1,201801
20180104,2018,1,201801
20180105,2018,1,201801
20180106,2018,1,201801
20180107,2018,2,201802
20180108,2018,2,201802
20180109,2018,2,201802
20180110,2018,2,201802
20180111,2018,2,201802
20180112,2018,2,201802
20180113,2018,2,201802
20180114,2018,3,201803
20180115,2018,3,201803
20180116,2018,3,201803
20180117,2018,3,201803
20180118,2018,3,201803
20180119,2018,3,201803
20180120,2018,3,201803
20180121,2018,4,201804
20180122,2018,4,201804
20180123,2018,4,201804
20180124,2018,4,201804
20180125,2018,4,201804
20180126,2018,4,201804
20180127,2018,4,201804
20180128,2018,5,201805
20180129,2018,5,201805
20180130,2018,5,201805
20180131,2018,5,201805
20180201,2018,5,201805
20180202,2018,5,201805
20180203,2018,5,201805
20180204,2018,6,201806
20180205,2018,6,201806
20180206,2018,6,201806
20180207,2018,6,201806
20180208,2018,6,201806
20180209,2018,6,201806
20180210,2018,6,201806
20180211,2018,7,201807
20180212,2018,7,201807
20180213,2018,7,201807
20180214,2018,7,201807
20180215,2018,7,201807
20180216,2018,7,201807
20180217,2018,7,201807
20180218,2018,8,201808
20180219,2018,8,201808
20180220,2018,8,201808
20180221,2018,8,201808
20180222,2018,8,201808
20180223,2018,8,201808
20180224,2018,8,201808
20180225,2018,9,201809
20180226,2018,9,201809
20180227,2018,9,201809
20180228,2018,9,201809
20180301,2018,9,201809
20180302,2018,9,201809
20180303,2018,9,201809
20180304,2018,10,201810
20180305,2018,10,201810
20180306,2018,10,201810
20180307,2018,10,201810
20180308,2018,10,201810
20180309,2018,10,201810
20180310,2018,10,201810
20180311,2018,11,201811
20180312,2018,11,201811
20180313,2018,11,201811
20180314,2018,11,201811
20180315,2018,11,201811
20180316,2018,11,201811
20180317,2018,11,201811
20180318,2018,12,201812
20180319,2018,12,201812
20180320,2018,12,201812
20180321,2018,12,201812
20180322,2018,12,201812
20180323,2018,12,201812
20180324,2018,12,201812
20180325,2018,13,201813
20180326,2018,13,201813
20180327,2018,13,201813
20180328,2018,13,201813
20180329,2018,13,201813
20180330,2018,13,201813
20180331,2018,13,201813
20180401,2018,14,201814
20180402,2018,14,201814
20180403,2018,14,201814
20180404,2018,14,201814
20180405,2018,14,201814
20180406,2018,14,201814
20180407,2018,14,201814
20180408,2018,15,201815
20180409,2018,15,201815
20180410,2018,15,201815
20180411,2018,15,201815
20180412,2018,15,201815
20180413,2018,15,201815
20180414,2018,15,201815
20180415,2018,16,201816
20180416,2018,16,201816
20180417,2018,16,201816
20180418,2018,16,201816
20180419,2018,16,201816
20180420,2018,16,201816
20180421,2018,16,201816
20180422,2018,17,201817
20180423,2018,17,201817
20180424,2018,17,201817
20180425,2018,17,201817
20180426,2018,17,201817
20180427,2018,17,201817
20180428,2018,17,201817
20180429,2018,18,201818
20180430,2018,18,201818
20180501,2018,18,201818
20180502,2018,18,201818
20180503,2018,18,201818
20180504,2018,18,201818
20180505,2018,18,201818
20180506,2018,19,201819
20180507,2018,19,201819
20180508,2018,19,201819
20180509,2018,19,201819
20180510,2018,19,201819
20180511,2018,19,201819
20180512,2018,19,201819
20180513,2018,20,201820
20180514,2018,20,201820
20180515,2018,20,201820
20180516,2018,20,201820
20180517,2018,20,201820
20180518,2018,20,201820
20180519,2018,20,201820
20180520,2018,21,201821
20180521,2018,21,201821
20180522,2018,21,201821
20180523,2018,21,201821
20180524,2018,21,201821
20180525,2018,21,201821
20180526,2018,21,201821
20180527,2018,22,201822
20180528,2018,22,201822
20180529,2018,22,201822
20180530,2018,22,201822
20180531,2018,22,201822
20180601,2018,22,201822
20180602,2018,22,201822
20180603,2018,23,201823
20180604,2018,23,201823
20180605,2018,23,201823
20180606,2018,23,201823
20180607,2018,23,201823
20180608,2018,23,201823
20180609,2018,23,201823
20180610,2018,24,201824
20180611,2018,24,201824
20180612,2018,24,201824
20180613,2018,24,201824
20180614,2018,24,201824
20180615,2018,24,201824
20180616,2018,24,201824
20180617,2018,25,201825
20180618,2018,25,201825
20180619,2018,25,201825
20180620,2018,25,201825
20180621,2018,25,201825
20180622,2018,25,201825
20180623,2018,25,201825
20180624,2018,26,201826
20180625,2018,26,201826
20180626,2018,26,201826
20180627,2018,26,201826
20180628,2018,26,201826
20180629,2018,26,201826
20180630,2018,26,201826
20180701,2018,27,201827
20180702,2018,27,201827
20180703,2018,27,201827
20180704,2018,27,201827
20180705,2018,27,201827
20180706,2018,27,201827
20180707,2018,27,201827
20180708,2018,28,201828
20180709,2018,28,201828
20180710,2018,28,201828
20180711,2018,28,201828
20180712,2018,28,201828
20180713,2018,28,201828
20180714,2018,28,201828
20180715,2018,29,201829
20180716,2018,29,201829
20180717,2018,29,201829
20180718,2018,29,201829
20180719,2018,29,201829
20180720,2018,29,201829
20180721,2018,29,201829
20180722,2018,30,201830
20180723,2018,30,201830
20180724,2018,30,201830
20180725,2018,30,201830
20180726,2018,30,201830
20180727,2018,30,201830
20180728,2018,30,201830
20180729,2018,31,201831
20180730,2018,31,201831
20180731,2018,31,201831
20180801,2018,31,201831
20180802,2018,31,201831
20180803,2018,31,201831
20180804,2018,31,201831
20180805,2018,32,201832
20180806,2018,32,201832
20180807,2018,32,201832
20180808,2018,32,201832
20180809,2018,32,201832
20180810,2018,32,201832
20180811,2018,32,201832
20180812,2018,33,201833
20180813,2018,33,201833
20180814,2018,33,201833
20180815,2018,33,201833
20180816,2018,33,201833
20180817,2018,33,201833
20180818,2018,33,201833
20180819,2018,34,201834
20180820,2018,34,201834
20180821,2018,34,201834
20180822,2018,34,201834
20180823,2018,34,201834
20180824,2018,34,201834
20180825,2018,34,201834
20180826,2018,35,201835
20180827,2018,35,201835
20180828,2018,35,201835
20180829,2018,35,201835
20180830,2018,35,201835
20180831,2018,35,201835
20180901,2018,35,201835
20180902,2018,36,201836
20180903,2018,36,201836
20180904,2018,36,201836
20180905,2018,36,201836
20180906,2018,36,201836
20180907,2018,36,201836
20180908,2018,36,201836
20180909,2018,37,201837
20180910,2018,37,201837
20180911,2018,37,201837
20180912,2018,37,201837
20180913,2018,37,201837
20180914,2018,37,201837
20180915,2018,37,201837
20180916,2018,38,201838
20180917,2018,38,201838
20180918,2018,38,201838
20180919,2018,38,201838
20180920,2018,38,201838
20180921,2018,38,201838
20180922,2018,38,201838
20180923,2018,39,201839
20180924,2018,39,201839
20180925,2018,39,201839
20180926,2018,39,201839
20180927,2018,39,201839
20180928,2018,39,201839
20180929,2018,39,201839
20180930,2018,40,201840
20181001,2018,40,201840
20181002,2018,40,201840
20181003,2018,40,201840
20181004,2018,40,201840
20181005,2018,40,201840
20181006,2018,40,201840
20181007,2018,41,201841
20181008,2018,41,201841
20181009,2018,41,201841
20181010,2018,41,201841
20181011,2018,41,201841
20181012,2018,41,201841
20181013,2018,41,201841
20181014,2018,42,201842
20181015,2018,42,201842
20181016,2018,42,201842
20181017,2018,42,201842
20181018,2018,42,201842
20181019,2018,42,201842
20181020,2018,42,201842
20181021,2018,43,201843
20181022,2018,43,201843
20181023,2018,43,201843
20181024,2018,43,201843
20181025,2018,43,201843
20181026,2018,43,201843
20181027,2018,43,201843
20181028,2018,44,201844
20181029,2018,44,201844
20181030,2018,44,201844
20181031,2018,44,201844
20181101,2018,44,201844
20181102,2018,44,201844
20181103,2018,44,201844
20181104,2018,45,201845
20181105,2018,45,201845
20181106,2018,45,201845
20181107,2018,45,201845
20181108,2018,45,201845
20181109,2018,45,201845
20181110,2018,45,201845
20181111,2018,46,201846
20181112,2018,46,201846
20181113,2018,46,201846
20181114,2018,46,201846
20181115,2018,46,201846
20181116,2018,46,201846
20181117,2018,46,201846
20181118,2018,47,201847
20181119,2018,47,201847
20181120,2018,47,201847
20181121,2018,47,201847
20181122,2018,47,201847
20181123,2018,47,201847
20181124,2018,47,201847
20181125,2018,48,201848
20181126,2018,48,201848
20181127,2018,48,201848
20181128,2018,48,201848
20181129,2018,48,201848
20181130,2018,48,201848
20181201,2018,48,201848
20181202,2018,49,201849
20181203,2018,49,201849
20181204,2018,49,201849
20181205,2018,49,201849
20181206,2018,49,201849
20181207,2018,49,201849
20181208,2018,49,201849
20181209,2018,50,201850
20181210,2018,50,201850
20181211,2018,50,201850
20181212,2018,50,201850
20181213,2018,50,201850
20181214,2018,50,201850
20181215,2018,50,201850
20181216,2018,51,201851
20181217,2018,51,201851
20181218,2018,51,201851
20181219,2018,51,201851
20181220,2018,51,201851
20181221,2018,51,201851
20181222,2018,51,201851
20181223,2018,52,201852
20181224,2018,52,201852
20181225,2018,52,201852
20181226,2018,52,201852
20181227,2018,52,201852
20181228,2018,52,201852
20181229,2018,52,201852
20181230,2019,1,201901
20181231,2019,1,201901
20190101,2019,1,201901
20190102,2019,1,201901
20190103,2019,1,201901
20190104,2019,1,201901
20190105,2019,1,201901
20190106,2019,2,201902
20190107,2019,2,201902
20190108,2019,2,201902
20190109,2019,2,201902
20190110,2019,2,201902
20190111,2019,2,201902
20190112,2019,2,201902
20190113,2019,3,201903
20190114,2019,3,201903
20190115,2019,3,201903
20190116,2019,3,201903
20190117,2019,3,201903
20190118,2019,3,201903
20190119,2019,3,201903
20190120,2019,4,201904
20190121,2019,4,201904
20190122,2019,4,201904
20190123,2019,4,201904
20190124,2019,4,201904
20190125,2019,4,201904
20190126,2019,4,201904
20190127,2019,5,201905
20190128,2019,5,201905
20190129,2019,5,201905
20190130,2019,5,201905
20190131,2019,5,201905
20190201,2019,5,201905
20190202,2019,5,201905
20190203,2019,6,201906
20190204,2019,6,201906
20190205,2019,6,201906
20190206,2019,6,201906
20190207,2019,6,201906
20190208,2019,6,201906
20190209,2019,6,201906
20190210,2019,7,201907
20190211,2019,7,201907
20190212,2019,7,201907
20190213,2019,7,201907
20190214,2019,7,201907
20190215,2019,7,201907
20190216,2019,7,201907
20190217,2019,8,201908
20190218,2019,8,201908
20190219,2019,8,201908
20190220,2019,8,201908
20190221,2019,8,201908
20190222,2019,8,201908
20190223,2019,8,201908
20190224,2019,9,201909
20190225,2019,9,201909
20190226,2019,9,201909
20190227,2019,9,201909
20190228,2019,9,201909
20190301,2019,9,201909
20190302,2019,9,201909
20190303,2019,10,201910
20190304,2019,10,201910
20190305,2019,10,201910
20190306,2019,10,201910
20190307,2019,10,201910
20190308,2019,10,201910
20190309,2019,10,201910
20190310,2019,11,201911
20190311,2019,11,201911
20190312,2019,11,201911
20190313,2019,11,201911
20190314,2019,11,201911
20190315,2019,11,201911
20190316,2019,11,201911
20190317,2019,12,201912
20190318,2019,12,201912
20190319,2019,12,201912
20190320,2019,12,201912
20190321,2019,12,201912
20190322,2019,12,201912
20190323,2019,12,201912
20190324,2019,13,201913
20190325,2019,13,201913
20190326,2019,13,201913
20190327,2019,13,201913
20190328,2019,13,201913
20190329,2019,13,201913
20190330,2019,13,201913
20190331,2019,14,201914
20190401,2019,14,201914
20190402,2019,14,201914
20190403,2019,14,201914
20190404,2019,14,201914
20190405,2019,14,201914
20190406,2019,14,201914
20190407,2019,15,201915
20190408,2019,15,201915
20190409,2019,15,201915
20190410,2019,15,201915
20190411,2019,15,201915
20190412,2019,15,201915
20190413,2019,15,201915
20190414,2019,16,201916
20190415,2019,16,201916
20190416,2019,16,201916
20190417,2019,16,201916
20190418,2019,16,201916
20190419,2019,16,201916
20190420,2019,16,201916
20190421,2019,17,201917
20190422,2019,17,201917
20190423,2019,17,201917
20190424,2019,17,201917
20190425,2019,17,201917
20190426,2019,17,201917
20190427,2019,17,201917
20190428,2019,18,201918
20190429,2019,18,201918
20190430,2019,18,201918
20190501,2019,18,201918
20190502,2019,18,201918
20190503,2019,18,201918
20190504,2019,18,201918
20190505,2019,19,201919
20190506,2019,19,201919
20190507,2019,19,201919
20190508,2019,19,201919
20190509,2019,19,201919
20190510,2019,19,201919
20190511,2019,19,201919
20190512,2019,20,201920
20190513,2019,20,201920
20190514,2019,20,201920
20190515,2019,20,201920
20190516,2019,20,201920
20190517,2019,20,201920
20190518,2019,20,201920
20190519,2019,21,201921
20190520,2019,21,201921
20190521,2019,21,201921
20190522,2019,21,201921
20190523,2019,21,201921
20190524,2019,21,201921
20190525,2019,21,201921
20190526,2019,22,201922
20190527,2019,22,201922
20190528,2019,22,201922
20190529,2019,22,201922
20190530,2019,22,201922
20190531,2019,22,201922
20190601,2019,22,201922
20190602,2019,23,201923
20190603,2019,23,201923
20190604,2019,23,201923
20190605,2019,23,201923
20190606,2019,23,201923
20190607,2019,23,201923
20190608,2019,23,201923
20190609,2019,24,201924
20190610,2019,24,201924
20190611,2019,24,201924
20190612,2019,24,201924
20190613,2019,24,201924
20190614,2019,24,201924
20190615,2019,24,201924
20190616,2019,25,201925
20190617,2019,25,201925
20190618,2019,25,201925
20190619,2019,25,201925
20190620,2019,25,201925
20190621,2019,25,201925
20190622,2019,25,201925
20190623,2019,26,201926
20190624,2019,26,201926
20190625,2019,26,201926
20190626,2019,26,201926
20190627,2019,26,201926
20190628,2019,26,201926
20190629,2019,26,201926
20190630,2019,27,201927
20190701,2019,27,201927
20190702,2019,27,201927
20190703,2019,27,201927
20190704,2019,27,201927
20190705,2019,27,201927
20190706,2019,27,201927
20190707,2019,28,201928
20190708,2019,28,201928
20190709,2019,28,201928
20190710,2019,28,201928
20190711,2019,28,201928
20190712,2019,28,201928
20190713,2019,28,201928
20190714,2019,29,201929
20190715,2019,29,201929
20190716,2019,29,201929
20190717,2019,29,201929
20190718,2019,29,201929
20190719,2019,29,201929
20190720,2019,29,201929
20190721,2019,30,201930
20190722,2019,30,201930
20190723,2019,30,201930
20190724,2019,30,201930
20190725,2019,30,201930
20190726,2019,30,201930
20190727,2019,30,201930
20190728,2019,31,201931
20190729,2019,31,201931
20190730,2019,31,201931
20190731,2019,31,201931
20190801,2019,31,201931
20190802,2019,31,201931
20190803,2019,31,201931
20190804,2019,32,201932
20190805,2019,32,201932
20190806,2019,32,201932
20190807,2019,32,201932
20190808,2019,32,201932
20190809,2019,32,201932
20190810,2019,32,201932
20190811,2019,33,201933
20190812,2019,33,201933
20190813,2019,33,201933
20190814,2019,33,201933
20190815,2019,33,201933
20190816,2019,33,201933
20190817,2019,33,201933
20190818,2019,34,201934
20190819,2019,34,201934
20190820,2019,34,201934
20190821,2019,34,201934
20190822,2019,34,201934
20190823,2019,34,201934
20190824,2019,34,201934
20190825,2019,35,201935
20190826,2019,35,201935
20190827,2019,35,201935
20190828,2019,35,201935
20190829,2019,35,201935
20190830,2019,35,201935
20190831,2019,35,201935
20190901,2019,36,201936
20190902,2019,36,201936
20190903,2019,36,201936
20190904,2019,36,201936
20190905,2019,36,201936
20190906,2019,36,201936
20190907,2019,36,201936
20190908,2019,37,201937
20190909,2019,37,201937
20190910,2019,37,201937
20190911,2019,37,201937
20190912,2019,37,201937
20190913,2019,37,201937
20190914,2019,37,201937
20190915,2019,38,201938
20190916,2019,38,201938
20190917,2019,38,201938
20190918,2019,38,201938
20190919,2019,38,201938
20190920,2019,38,201938
20190921,2019,38,201938
20190922,2019,39,201939
20190923,2019,39,201939
20190924,2019,39,201939
20190925,2019,39,201939
20190926,2019,39,201939
20190927,2019,39,201939
20190928,2019,39,201939
20190929,2019,40,201940
20190930,2019,40,201940
20191001,2019,40,201940
20191002,2019,40,201940
20191003,2019,40,201940
20191004,2019,40,201940
20191005,2019,40,201940
20191006,2019,41,201941
20191007,2019,41,201941
20191008,2019,41,201941
20191009,2019,41,201941
20191010,2019,41,201941
20191011,2019,41,201941
20191012,2019,41,201941
20191013,2019,42,201942
20191014,2019,42,201942
20191015,2019,42,201942
20191016,2019,42,201942
20191017,2019,42,201942
20191018,2019,42,201942
20191019,2019,42,201942
20191020,2019,43,201943
20191021,2019,43,201943
20191022,2019,43,201943
20191023,2019,43,201943
20191024,2019,43,201943
20191025,2019,43,201943
20191026,2019,43,201943
20191027,2019,44,201944
20191028,2019,44,201944
20191029,2019,44,201944
20191030,2019,44,201944
20191031,2019,44,201944
20191101,2019,44,201944
20191102,2019,44,201944
20191103,2019,45,201945
20191104,2019,45,201945
20191105,2019,45,201945
20191106,2019,45,201945
20191107,2019,45,201945
20191108,2019,45,201945
20191109,2019,45,201945
20191110,2019,46,201946
20191111,2019,46,201946
20191112,2019,46,201946
20191113,2019,46,201946
20191114,2019,46,201946
20191115,2019,46,201946
20191116,2019,46,201946
20191117,2019,47,201947
20191118,2019,47,201947
20191119,2019,47,201947
20191120,2019,47,201947
20191121,2019,47,201947
20191122,2019,47,201947
20191123,2019,47,201947
20191124,2019,48,201948
20191125,2019,48,201948
20191126,2019,48,201948
20191127,2019,48,201948
20191128,2019,48,201948
20191129,2019,48,201948
20191130,2019,48,201948
20191201,2019,49,201949
20191202,2019,49,201949
20191203,2019,49,201949
20191204,2019,49,201949
20191205,2019,49,201949
20191206,2019,49,201949
20191207,2019,49,201949
20191208,2019,50,201950
20191209,2019,50,201950
20191210,2019,50,201950
20191211,2019,50,201950
20191212,2019,50,201950
20191213,2019,50,201950
20191214,2019,50,201950
20191215,2019,51,201951
20191216,2019,51,201951
20191217,2019,51,201951
20191218,2019,51,201951
20191219,2019,51,201951
20191220,2019,51,201951
20191221,2019,51,201951
20191222,2019,52,201952
20191223,2019,52,201952
20191224,2019,52,201952
20191225,2019,52,201952
20191226,2019,52,201952
20191227,2019,52,201952
20191228,2019,52,201952
20191229,2020,1,202001
20191230,2020,1,202001
20191231,2020,1,202001
20200101,2020,1,202001
20200102,2020,1,202001
20200103,2020,1,202001
20200104,2020,1,202001
20200105,2020,2,202002
20200106,2020,2,202002
20200107,2020,2,202002
20200108,2020,2,202002
20200109,2020,2,202002
20200110,2020,2,202002
20200111,2020,2,202002
20200112,2020,3,202003
20200113,2020,3,202003
20200114,2020,3,202003
20200115,2020,3,202003
20200116,2020,3,202003
20200117,2020,3,202003
20200118,2020,3,202003
20200119,2020,4,202004
20200120,2020,4,202004
20200121,2020,4,202004
20200122,2020,4,202004
20200123,2020,4,202004
20200124,2020,4,202004
20200125,2020,4,202004
20200126,2020,5,202005
20200127,2020,5,202005
20200128,2020,5,202005
20200129,2020,5,202005
20200130,2020,5,202005
20200131,2020,5,202005
20200201,2020,5,202005
20200202,2020,6,202006
20200203,2020,6,202006
20200204,2020,6,202006
20200205,2020,6,202006
20200206,2020,6,202006
20200207,2020,6,202006
20200208,2020,6,202006
20200209,2020,7,202007
20200210,2020,7,202007
20200211,2020,7,202007
20200212,2020,7,202007
20200213,2020,7,202007
20200214,2020,7,202007
20200215,2020,7,202007
20200216,2020,8,202008
20200217,2020,8,202008
20200218,2020,8,202008
20200219,2020,8,202008
20200220,2020,8,202008
20200221,2020,8,202008
20200222,2020,8,202008
20200223,2020,9,202009
20200224,2020,9,202009
20200225,2020,9,202009
20200226,2020,9,202009
20200227,2020,9,202009
20200228,2020,9,202009
20200229,2020,9,202009
20200301,2020,10,202010
20200302,2020,10,202010
20200303,2020,10,202010
20200304,2020,10,202010
20200305,2020,10,202010
20200306,2020,10,202010
20200307,2020,10,202010
20200308,2020,11,202011
20200309,2020,11,202011
20200310,2020,11,202011
20200311,2020,11,202011
20200312,2020,11,202011
20200313,2020,11,202011
20200314,2020,11,202011
20200315,2020,12,202012
20200316,2020,12,202012
20200317,2020,12,202012
20200318,2020,12,202012
20200319,2020,12,202012
20200320,2020,12,202012
20200321,2020,12,202012
20200322,2020,13,202013
20200323,2020,13,202013
20200324,2020,13,202013
20200325,2020,13,202013
20200326,2020,13,202013
20200327,2020,13,202013
20200328,2020,13,202013
20200329,2020,14,202014
20200330,2020,14,202014
20200331,2020,14,202014
20200401,2020,14,202014
20200402,2020,14,202014
20200403,2020,14,202014
20200404,2020,14,202014
20200405,2020,15,202015
20200406,2020,15,202015
20200407,2020,15,202015
20200408,2020,15,202015
20200409,2020,15,202015
20200410,2020,15,202015
20200411,2020,15,202015
20200412,2020,16,202016
20200413,2020,16,202016
20200414,2020,16,202016
20200415,2020,16,202016
20200416,2020,16,202016
20200417,2020,16,202016
20200418,2020,16,202016
20200419,2020,17,202017
20200420,2020,17,202017
20200421,2020,17,202017
20200422,2020,17,202017
20200423,2020,17,202017
20200424,2020,17,202017
20200425,2020,17,202017
20200426,2020,18,202018
20200427,2020,18,202018
20200428,2020,18,202018
20200429,2020,18,202018
20200430,2020,18,202018
20200501,2020,18,202018
20200502,2020,18,202018
20200503,2020,19,202019
20200504,2020,19,202019
20200505,2020,19,202019
20200506,2020,19,202019
20200507,2020,19,202019
20200508,2020,19,202019
20200509,2020,19,202019
20200510,2020,20,202020
20200511,2020,20,202020
20200512,2020,20,202020
20200513,2020,20,202020
20200514,2020,20,202020
20200515,2020,20,202020
20200516,2020,20,202020
20200517,2020,21,202021
20200518,2020,21,202021
20200519,2020,21,202021
20200520,2020,21,202021
20200521,2020,21,202021
20200522,2020,21,202021
20200523,2020,21,202021
20200524,2020,22,202022
20200525,2020,22,202022
20200526,2020,22,202022
20200527,2020,22,202022
20200528,2020,22,202022
20200529,2020,22,202022
20200530,2020,22,202022
20200531,2020,23,202023
20200601,2020,23,202023
20200602,2020,23,202023
20200603,2020,23,202023
20200604,2020,23,202023
20200605,2020,23,202023
20200606,2020,23,202023
20200607,2020,24,202024
20200608,2020,24,202024
20200609,2020,24,202024
20200610,2020,24,202024
20200611,2020,24,202024
20200612,2020,24,202024
20200613,2020,24,202024
20200614,2020,25,202025
20200615,2020,25,202025
20200616,2020,25,202025
20200617,2020,25,202025
20200618,2020,25,202025
20200619,2020,25,202025
20200620,2020,25,202025
20200621,2020,26,202026
20200622,2020,26,202026
20200623,2020,26,202026
20200624,2020,26,202026
20200625,2020,26,202026
20200626,2020,26,202026
20200627,2020,26,202026
20200628,2020,27,202027
20200629,2020,27,202027
20200630,2020,27,202027
20200701,2020,27,202027
20200702,2020,27,202027
20200703,2020,27,202027
20200704,2020,27,202027
20200705,2020,28,202028
20200706,2020,28,202028
20200707,2020,28,202028
20200708,2020,28,202028
20200709,2020,28,202028
20200710,2020,28,202028
20200711,2020,28,202028
20200712,2020,29,202029
20200713,2020,29,202029
20200714,2020,29,202029
20200715,2020,29,202029
20200716,2020,29,202029
20200717,2020,29,202029
20200718,2020,29,202029
20200719,2020,30,202030
20200720,2020,30,202030
20200721,2020,30,202030
20200722,2020,30,202030
20200723,2020,30,202030
20200724,2020,30,202030
20200725,2020,30,202030
20200726,2020,31,202031
20200727,2020,31,202031
20200728,2020,31,202031
20200729,2020,31,202031
20200730,2020,31,202031
20200731,2020,31,202031
20200801,2020,31,202031
20200802,2020,32,202032
20200803,2020,32,202032
20200804,2020,32,202032
20200805,2020,32,202032
20200806,2020,32,202032
20200807,2020,32,202032
20200808,2020,32,202032
20200809,2020,33,202033
20200810,2020,33,202033
20200811,2020,33,202033
20200812,2020,33,202033
20200813,2020,33,202033
20200814,2020,33,202033
20200815,2020,33,202033
20200816,2020,34,202034
20200817,2020,34,202034
20200818,2020,34,202034
20200819,2020,34,202034
20200820,2020,34,202034
20200821,2020,34,202034
20200822,2020,34,202034
20200823,2020,35,202035
20200824,2020,35,202035
20200825,2020,35,202035
20200826,2020,35,202035
20200827,2020,35,202035
20200828,2020,35,202035
20200829,2020,35,202035
20200830,2020,36,202036
20200831,2020,36,202036
20200901,2020,36,202036
20200902,2020,36,202036
20200903,2020,36,202036
20200904,2020,36,202036
20200905,2020,36,202036
20200906,2020,37,202037
20200907,2020,37,202037
20200908,2020,37,202037
20200909,2020,37,202037
20200910,2020,37,202037
20200911,2020,37,202037
20200912,2020,37,202037
20200913,2020,38,202038
20200914,2020,38,202038
20200915,2020,38,202038
20200916,2020,38,202038
20200917,2020,38,202038
20200918,2020,38,202038
20200919,2020,38,202038
20200920,2020,39,202039
20200921,2020,39,202039
20200922,2020,39,202039
20200923,2020,39,202039
20200924,2020,39,202039
20200925,2020,39,202039
20200926,2020,39,202039
20200927,2020,40,202040
20200928,2020,40,202040
20200929,2020,40,202040
20200930,2020,40,202040
20201001,2020,40,202040
20201002,2020,40,202040
20201003,2020,40,202040
20201004,2020,41,202041
20201005,2020,41,202041
20201006,2020,41,202041
20201007,2020,41,202041
20201008,2020,41,202041
20201009,2020,41,202041
20201010,2020,41,202041
20201011,2020,42,202042
20201012,2020,42,202042
20201013,2020,42,202042
20201014,2020,42,202042
20201015,2020,42,202042
20201016,2020,42,202042
20201017,2020,42,202042
20201018,2020,43,202043
20201019,2020,43,202043
20201020,2020,43,202043
20201021,2020,43,202043
20201022,2020,43,202043
20201023,2020,43,202043
20201024,2020,43,202043
20201025,2020,44,202044
20201026,2020,44,202044
20201027,2020,44,202044
20201028,2020,44,202044
20201029,2020,44,202044
20201030,2020,44,202044
20201031,2020,44,202044
20201101,2020,45,202045
20201102,2020,45,202045
20201103,2020,45,202045
20201104,2020,45,202045
20201105,2020,45,202045
20201106,2020,45,202045
20201107,2020,45,202045
20201108,2020,46,202046
20201109,2020,46,202046
20201110,2020,46,202046
20201111,2020,46,202046
20201112,2020,46,202046
20201113,2020,46,202046
20201114,2020,46,202046
20201115,2020,47,202047
20201116,2020,47,202047
20201117,2020,47,202047
20201118,2020,47,202047
20201119,2020,47,202047
20201120,2020,47,202047
20201121,2020,47,202047
20201122,2020,48,202048
20201123,2020,48,202048
20201124,2020,48,202048
20201125,2020,48,202048
20201126,2020,48,202048
20201127,2020,48,202048
20201128,2020,48,202048
20201129,2020,49,202049
20201130,2020,49,202049
20201201,2020,49,202049
20201202,2020,49,202049
20201203,2020,49,202049
20201204,2020,49,202049
20201205,2020,49,202049
20201206,2020,50,202050
20201207,2020,50,202050
20201208,2020,50,202050
20201209,2020,50,202050
20201210,2020,50,202050
20201211,2020,50,202050
20201212,2020,50,202050
20201213,2020,51,202051
20201214,2020,51,202051
20201215,2020,51,202051
20201216,2020,51,202051
20201217,2020,51,202051
20201218,2020,51,202051
20201219,2020,51,202051
20201220,2020,52,202052
20201221,2020,52,202052
20201222,2020,52,202052
20201223,2020,52,202052
20201224,2020,52,202052
20201225,2020,52,202052
20201226,2020,52,202052
20201227,2020,53,202053
20201228,2020,53,202053
20201229,2020,53,202053
20201230,2020,53,202053
20201231,2020,53,202053
20210101,2020,53,202053
20210102,2020,53,202053
20210103,2021,1,202101
20210104,2021,1,202101
20210105,2021,1,202101
20210106,2021,1,202101
20210107,2021,1,202101
20210108,2021,1,202101
20210109,2021,1,202101
20210110,2021,2,202102
20210111,2021,2,202102
20210112,2021,2,202102
20210113,2021,2,202102
20210114,2021,2,202102
20210115,2021,2,202102
20210116,2021,2,202102
20210117,2021,3,202103
20210118,2021,3,202103
20210119,2021,3,202103
20210120,2021,3,202103
20210121,2021,3,202103
20210122,2021,3,202103
20210123,2021,3,202103
20210124,2021,4,202104
20210125,2021,4,202104
20210126,2021,4,202104
20210127,2021,4,202104
20210128,2021,4,202104
20210129,2021,4,202104
20210130,2021,4,202104
20210131,2021,5,202105
20210201,2021,5,202105
20210202,2021,5,202105
20210203,2021,5,202105
20210204,2021,5,202105
20210205,2021,5,202105
20210206,2021,5,202105
20210207,2021,6,202106
20210208,2021,6,202106
20210209,2021,6,202106
20210210,2021,6,202106
20210211,2021,6,202106
20210212,2021,6,202106
20210213,2021,6,202106
20210214,2021,7,202107
20210215,2021,7,202107
20210216,2021,7,202107
20210217,2021,7,202107
20210218,2021,7,202107
20210219,2021,7,202107
20210220,2021,7,202107
20210221,2021,8,202108
20210222,2021,8,202108
20210223,2021,8,202108
20210224,2021,8,202108
20210225,2021,8,202108
20210226,2021,8,202108
20210227,2021,8,202108
20210228,2021,9,202109
20210301,2021,9,202109
20210302,2021,9,202109
20210303,2021,9,202109
20210304,2021,9,202109
20210305,2021,9,202109
20210306,2021,9,202109
20210307,2021,10,202110
20210308,2021,10,202110
20210309,2021,10,202110
20210310,2021,10,202110
20210311,2021,10,202110
20210312,2021,10,202110
20210313,2021,10,202110
20210314,2021,11,202111
20210315,2021,11,202111
20210316,2021,11,202111
20210317,2021,11,202111
20210318,2021,11,202111
20210319,2021,11,202111
20210320,2021,11,202111
20210321,2021,12,202112
20210322,2021,12,202112
20210323,2021,12,202112
20210324,2021,12,202112
20210325,2021,12,202112
20210326,2021,12,202112
20210327,2021,12,202112
20210328,2021,13,202113
20210329,2021,13,202113
20210330,2021,13,202113
20210331,2021,13,202113
20210401,2021,13,202113
20210402,2021,13,202113
20210403,2021,13,202113
20210404,2021,14,202114
20210405,2021,14,202114
20210406,2021,14,202114
20210407,2021,14,202114
20210408,2021,14,202114
20210409,2021,14,202114
20210410,2021,14,202114
20210411,2021,15,202115
20210412,2021,15,202115
20210413,2021,15,202115
20210414,2021,15,202115
20210415,2021,15,202115
20210416,2021,15,202115
20210417,2021,15,202115
20210418,2021,16,202116
20210419,2021,16,202116
20210420,2021,16,202116
20210421,2021,16,202116
20210422,2021,16,202116
20210423,2021,16,202116
20210424,2021,16,202116
20210425,2021,17,202117
20210426,2021,17,202117
20210427,2021,17,202117
20210428,2021,17,202117
20210429,2021,17,202117
20210430,2021,17,202117
20210501,2021,17,202117
20210502,2021,18,202118
20210503,2021,18,202118
20210504,2021,18,202118
20210505,2021,18,202118
20210506,2021,18,202118
20210507,2021,18,202118
20210508,2021,18,202118
20210509,2021,19,202119
20210510,2021,19,202119
20210511,2021,19,202119
20210512,2021,19,202119
20210513,2021,19,202119
20210514,2021,19,202119
20210515,2021,19,202119
20210516,2021,20,202120
20210517,2021,20,202120
20210518,2021,20,202120
20210519,2021,20,202120
20210520,2021,20,202120
20210521,2021,20,202120
20210522,2021,20,202120
20210523,2021,21,202121
20210524,2021,21,202121
20210525,2021,21,202121
20210526,2021,21,202121
20210527,2021,21,202121
20210528,2021,21,202121
20210529,2021,21,202121
20210530,2021,22,202122
20210531,2021,22,202122
20210601,2021,22,202122
20210602,2021,22,202122
20210603,2021,22,202122
20210604,2021,22,202122
20210605,2021,22,202122
20210606,2021,23,202123
20210607,2021,23,202123
20210608,2021,23,202123
20210609,2021,23,202123
20210610,2021,23,202123
20210611,2021,23,202123
20210612,2021,23,202123
20210613,2021,24,202124
20210614,2021,24,202124
20210615,2021,24,202124
20210616,2021,24,202124
20210617,2021,24,202124
20210618,2021,24,202124
20210619,2021,24,202124
20210620,2021,25,202125
20210621,2021,25,202125
20210622,2021,25,202125
20210623,2021,25,202125
20210624,2021,25,202125
20210625,2021,25,202125
20210626,2021,25,202125
20210627,2021,26,202126
20210628,2021,26,202126
20210629,2021,26,202126
20210630,2021,26,202126
20210701,2021,26,202126
20210702,2021,26,202126
20210703,2021,26,202126
20210704,2021,27,202127
20210705,2021,27,202127
20210706,2021,27,202127
20210707,2021,27,202127
20210708,2021,27,202127
20210709,2021,27,202127
20210710,2021,27,202127
20210711,2021,28,202128
20210712,2021,28,202128
20210713,2021,28,202128
20210714,2021,28,202128
20210715,2021,28,202128
20210716,2021,28,202128
20210717,2021,28,202128
20210718,2021,29,202129
20210719,2021,29,202129
20210720,2021,29,202129
20210721,2021,29,202129
20210722,2021,29,202129
20210723,2021,29,202129
20210724,2021,29,202129
20210725,2021,30,202130
20210726,2021,30,202130
20210727,2021,30,202130
20210728,2021,30,202130
20210729,2021,30,202130
20210730,2021,30,202130
20210731,2021,30,202130
20210801,2021,31,202131
20210802,2021,31,202131
20210803,2021,31,202131
20210804,2021,31,202131
20210805,2021,31,202131
20210806,2021,31,202131
20210807,2021,31,202131
20210808,2021,32,202132
20210809,2021,32,202132
20210810,2021,32,202132
20210811,2021,32,202132
20210812,2021,32,202132
20210813,2021,32,202132
20210814,2021,32,202132
20210815,2021,33,202133
20210816,2021,33,202133
20210817,2021,33,202133
20210818,2021,33,202133
20210819,2021,33,202133
20210820,2021,33,202133
20210821,2021,33,202133
20210822,2021,34,202134
20210823,2021,34,202134
20210824,2021,34,202134
20210825,2021,34,202134
20210826,2021,34,202134
20210827,2021,34,202134
20210828,2021,34,202134
20210829,2021,35,202135
20210830,2021,35,202135
20210831,2021,35,202135
20210901,2021,35,202135
20210902,2021,35,202135
20210903,2021,35,202135
20210904,2021,35,202135
20210905,2021,36,202136
20210906,2021,36,202136
20210907,2021,36,202136
20210908,2021,36,202136
20210909,2021,36,202136
20210910,2021,36,202136
20210911,2021,36,202136
20210912,2021,37,202137
20210913,2021,37,202137
20210914,2021,37,202137
20210915,2021,37,202137
20210916,2021,37,202137
20210917,2021,37,202137
20210918,2021,37,202137
20210919,2021,38,202138
20210920,2021,38,202138
20210921,2021,38,202138
20210922,2021,38,202138
20210923,2021,38,202138
20210924,2021,38,202138
20210925,2021,38,202138
20210926,2021,39,202139
20210927,2021,39,202139
20210928,2021,39,202139
20210929,2021,39,202139
20210930,2021,39,202139
20211001,2021,39,202139
20211002,2021,39,202139
20211003,2021,40,202140
20211004,2021,40,202140
20211005,2021,40,202140
20211006,2021,40,202140
20211007,2021,40,202140
20211008,2021,40,202140
20211009,2021,40,202140
20211010,2021,41,202141
20211011,2021,41,202141
20211012,2021,41,202141
20211013,2021,41,202141
20211014,2021,41,202141
20211015,2021,41,202141
20211016,2021,41,202141
20211017,2021,42,202142
20211018,2021,42,202142
20211019,2021,42,202142
20211020,2021,42,202142
20211021,2021,42,202142
20211022,2021,42,202142
20211023,2021,42,202142
20211024,2021,43,202143
20211025,2021,43,202143
20211026,2021,43,202143
20211027,2021,43,202143
20211028,2021,43,202143
20211029,2021,43,202143
20211030,2021,43,202143
20211031,2021,44,202144
20211101,2021,44,202144
20211102,2021,44,202144
20211103,2021,44,202144
20211104,2021,44,202144
20211105,2021,44,202144
20211106,2021,44,202144
20211107,2021,45,202145
20211108,2021,45,202145
20211109,2021,45,202145
20211110,2021,45,202145
20211111,2021,45,202145
20211112,2021,45,202145
20211113,2021,45,202145
20211114,2021,46,202146
20211115,2021,46,202146
20211116,2021,46,202146
20211117,2021,46,202146
20211118,2021,46,202146
20211119,2021,46,202146
20211120,2021,46,202146
20211121,2021,47,202147
20211122,2021,47,202147
20211123,2021,47,202147
20211124,2021,47,202147
20211125,2021,47,202147
20211126,2021,47,202147
20211127,2021,47,202147
20211128,2021,48,202148
20211129,2021,48,202148
20211130,2021,48,202148
20211201,2021,48,202148
20211202,2021,48,202148
20211203,2021,48,202148
20211204,2021,48,202148
20211205,2021,49,202149
20211206,2021,49,202149
20211207,2021,49,202149
20211208,2021,49,202149
20211209,2021,49,202149
20211210,2021,49,202149
20211211,2021,49,202149
20211212,2021,50,202150
20211213,2021,50,202150
20211214,2021,50,202150
20211215,2021,50,202150
20211216,2021,50,202150
20211217,2021,50,202150
20211218,2021,50,202150
20211219,2021,51,202151
20211220,2021,51,202151
20211221,2021,51,202151
20211222,2021,51,202151
20211223,2021,51,202151
20211224,2021,51,202151
20211225,2021,51,202151
20211226,2021,52,202152
20211227,2021,52,202152
20211228,2021,52,202152
20211229,2021,52,202152
20211230,2021,52,202152
20211231,2021,52,202152
20220101,2021,52,202152
20220102,2022,1,202201
20220103,2022,1,202201
20220104,2022,1,202201
20220105,2022,1,202201
20220106,2022,1,202201
20220107,2022,1,202201
20220108,2022,1,202201
20220109,2022,2,202202
20220110,2022,2,202202
20220111,2022,2,202202
20220112,2022,2,202202
20220113,2022,2,202202
20220114,2022,2,202202
20220115,2022,2,202202
20220116,2022,3,202203
20220117,2022,3,202203
20220118,2022,3,202203
20220119,2022,3,202203
20220120,2022,3,202203
20220121,2022,3,202203
20220122,2022,3,202203
20220123,2022,4,202204
20220124,2022,4,202204
20220125,2022,4,202204
20220126,2022,4,202204
20220127,2022,4,202204
20220128,2022,4,202204
20220129,2022,4,202204
20220130,2022,5,202205
20220131,2022,5,202205
20220201,2022,5,202205
20220202,2022,5,202205
20220203,2022,5,202205
20220204,2022,5,202205
20220205,2022,5,202205
20220206,2022,6,202206
20220207,2022,6,202206
20220208,2022,6,202206
20220209,2022,6,202206
20220210,2022,6,202206
20220211,2022,6,202206
20220212,2022,6,202206
20220213,2022,7,202207
20220214,2022,7,202207
20220215,2022,7,202207
20220216,2022,7,202207
20220217,2022,7,202207
20220218,2022,7,202207
20220219,2022,7,202207
20220220,2022,8,202208
20220221,2022,8,202208
20220222,2022,8,202208
20220223,2022,8,202208
20220224,2022,8,202208
20220225,2022,8,202208
20220226,2022,8,202208
20220227,2022,9,202209
20220228,2022,9,202209
20220301,2022,9,202209
20220302,2022,9,202209
20220303,2022,9,202209
20220304,2022,9,202209
20220305,2022,9,202209
20220306,2022,10,202210
20220307,2022,10,202210
20220308,2022,10,202210
20220309,2022,10,202210
20220310,2022,10,202210
20220311,2022,10,202210
20220312,2022,10,202210
20220313,2022,11,202211
20220314,2022,11,202211
20220315,2022,11,202211
20220316,2022,11,202211
20220317,2022,11,202211
20220318,2022,11,202211
20220319,2022,11,202211
20220320,2022,12,202212
20220321,2022,12,202212
20220322,2022,12,202212
20220323,2022,12,202212
20220324,2022,12,202212
20220325,2022,12,202212
20220326,2022,12,202212
20220327,2022,13,202213
20220328,2022,13,202213
20220329,2022,13,202213
20220330,2022,13,202213
20220331,2022,13,202213
20220401,2022,13,202213
20220402,2022,13,202213
20220403,2022,14,202214
20220404,2022,14,202214
20220405,2022,14,202214
20220406,2022,14,202214
20220407,2022,14,202214
20220408,2022,14,202214
20220409,2022,14,202214
20220410,2022,15,202215
20220411,2022,15,202215
20220412,2022,15,202215
20220413,2022,15,202215
20220414,2022,15,202215
20220415,2022,15,202215
20220416,2022,15,202215
20220417,2022,16,202216
20220418,2022,16,202216
20220419,2022,16,202216
20220420,2022,16,202216
20220421,2022,16,202216
20220422,2022,16,202216
20220423,2022,16,202216
20220424,2022,17,202217
20220425,2022,17,202217
20220426,2022,17,202217
20220427,2022,17,202217
20220428,2022,17,202217
20220429,2022,17,202217
20220430,2022,17,202217
20220501,2022,18,202218
20220502,2022,18,202218
20220503,2022,18,202218
20220504,2022,18,202218
20220505,2022,18,202218
20220506,2022,18,202218
20220507,2022,18,202218
20220508,2022,19,202219
20220509,2022,19,202219
20220510,2022,19,202219
20220511,2022,19,202219
20220512,2022,19,202219
20220513,2022,19,202219
20220514,2022,19,202219
20220515,2022,20,202220
20220516,2022,20,202220
20220517,2022,20,202220
20220518,2022,20,202220
20220519,2022,20,202220
20220520,2022,20,202220
20220521,2022,20,202220
20220522,2022,21,202221
20220523,2022,21,202221
20220524,2022,21,202221
20220525,2022,21,202221
20220526,2022,21,202221
20220527,2022,21,202221
20220528,2022,21,202221
20220529,2022,22,202222
20220530,2022,22,202222
20220531,2022,22,202222
20220601,2022,22,202222
20220602,2022,22,202222
20220603,2022,22,202222
20220604,2022,22,202222
20220605,2022,23,202223
20220606,2022,23,202223
20220607,2022,23,202223
20220608,2022,23,202223
20220609,2022,23,202223
20220610,2022,23,202223
20220611,2022,23,202223
20220612,2022,24,202224
20220613,2022,24,202224
20220614,2022,24,202224
20220615,2022,24,202224
20220616,2022,24,202224
20220617,2022,24,202224
20220618,2022,24,202224
20220619,2022,25,202225
20220620,2022,25,202225
20220621,2022,25,202225
20220622,2022,25,202225
20220623,2022,25,202225
20220624,2022,25,202225
20220625,2022,25,202225
20220626,2022,26,202226
20220627,2022,26,202226
20220628,2022,26,202226
20220629,2022,26,202226
20220630,2022,26,202226
20220701,2022,26,202226
20220702,2022,26,202226
20220703,2022,27,202227
20220704,2022,27,202227
20220705,2022,27,202227
20220706,2022,27,202227
20220707,2022,27,202227
20220708,2022,27,202227
20220709,2022,27,202227
20220710,2022,28,202228
20220711,2022,28,202228
20220712,2022,28,202228
20220713,2022,28,202228
20220714,2022,28,202228
20220715,2022,28,202228
20220716,2022,28,202228
20220717,2022,29,202229
20220718,2022,29,202229
20220719,2022,29,202229
20220720,2022,29,202229
20220721,2022,29,202229
20220722,2022,29,202229
20220723,2022,29,202229
20220724,2022,30,202230
20220725,2022,30,202230
20220726,2022,30,202230
20220727,2022,30,202230
20220728,2022,30,202230
20220729,2022,30,202230
20220730,2022,30,202230
20220731,2022,31,202231
20220801,2022,31,202231
20220802,2022,31,202231
20220803,2022,31,202231
20220804,2022,31,202231
20220805,2022,31,202231
20220806,2022,31,202231
20220807,2022,32,202232
20220808,2022,32,202232
20220809,2022,32,202232
20220810,2022,32,202232
20220811,2022,32,202232
20220812,2022,32,202232
20220813,2022,32,202232
20220814,2022,33,202233
20220815,2022,33,202233
20220816,2022,33,202233
20220817,2022,33,202233
20220818,2022,33,202233
20220819,2022,33,202233
20220820,2022,33,202233
20220821,2022,34,202234
20220822,2022,34,202234
20220823,2022,34,202234
20220824,2022,34,202234
20220825,2022,34,202234
20220826,2022,34,202234
20220827,2022,34,202234
20220828,2022,35,202235
20220829,2022,35,202235
20220830,2022,35,202235
20220831,2022,35,202235
20220901,2022,35,202235
20220902,2022,35,202235
20220903,2022,35,202235
20220904,2022,36,202236
20220905,2022,36,202236
20220906,2022,36,202236
20220907,2022,36,202236
20220908,2022,36,202236
20220909,2022,36,202236
20220910,2022,36,202236
20220911,2022,37,202237
20220912,2022,37,202237
20220913,2022,37,202237
20220914,2022,37,202237
20220915,2022,37,202237
20220916,2022,37,202237
20220917,2022,37,202237
20220918,2022,38,202238
20220919,2022,38,202238
20220920,2022,38,202238
20220921,2022,38,202238
20220922,2022,38,202238
20220923,2022,38,202238
20220924,2022,38,202238
20220925,2022,39,202239
20220926,2022,39,202239
20220927,2022,39,202239
20220928,2022,39,202239
20220929,2022,39,202239
20220930,2022,39,202239
20221001,2022,39,202239
20221002,2022,40,202240
20221003,2022,40,202240
20221004,2022,40,202240
20221005,2022,40,202240
20221006,2022,40,202240
20221007,2022,40,202240
20221008,2022,40,202240
20221009,2022,41,202241
20221010,2022,41,202241
20221011,2022,41,202241
20221012,2022,41,202241
20221013,2022,41,202241
20221014,2022,41,202241
20221015,2022,41,202241
20221016,2022,42,202242
20221017,2022,42,202242
20221018,2022,42,202242
20221019,2022,42,202242
20221020,2022,42,202242
20221021,2022,42,202242
20221022,2022,42,202242
20221023,2022,43,202243
20221024,2022,43,202243
20221025,2022,43,202243
20221026,2022,43,202243
20221027,2022,43,202243
20221028,2022,43,202243
20221029,2022,43,202243
20221030,2022,44,202244
20221031,2022,44,202244
20221101,2022,44,202244
20221102,2022,44,202244
20221103,2022,44,202244
20221104,2022,44,202244
20221105,2022,44,202244
20221106,2022,45,202245
20221107,2022,45,202245
20221108,2022,45,202245
20221109,2022,45,202245
20221110,2022,45,202245
20221111,2022,45,202245
20221112,2022,45,202245
20221113,2022,46,202246
20221114,2022,46,202246
20221115,2022,46,202246
20221116,2022,46,202246
20221117,2022,46,202246
20221118,2022,46,202246
20221119,2022,46,202246
20221120,2022,47,202247
20221121,2022,47,202247
20221122,2022,47,202247
20221123,2022,47,202247
20221124,2022,47,202247
20221125,2022,47,202247
20221126,2022,47,202247
20221127,2022,48,202248
20221128,2022,48,202248
20221129,2022,48,202248
20221130,2022,48,202248
20221201,2022,48,202248
20221202,2022,48,202248
20221203,2022,48,202248
20221204,2022,49,202249
20221205,2022,49,202249
20221206,2022,49,202249
20221207,2022,49,202249
20221208,2022,49,202249
20221209,2022,49,202249
20221210,2022,49,202249
20221211,2022,50,202250
20221212,2022,50,202250
20221213,2022,50,202250
20221214,2022,50,202250
20221215,2022,50,202250
20221216,2022,50,202250
20221217,2022,50,202250
20221218,2022,51,202251
20221219,2022,51,202251
20221220,2022,51,202251
20221221,2022,51,202251
20221222,2022,51,202251
20221223,2022,51,202251
20221224,2022,51,202251
20221225,2022,52,202252
20221226,2022,52,202252
20221227,2022,52,202252
20221228,2022,52,202252
20221229,2022,52,202252
20221230,2022,52,202252
20221231,2022,52,202252
20230101,2023,1,202301
20230102,2023,1,202301
20230103,2023,1,202301
20230104,2023,1,202301
20230105,2023,1,202301
20230106,2023,1,202301
20230107,2023,1,202301
20230108,2023,2,202302
20230109,2023,2,202302
20230110,2023,2,202302
20230111,2023,2,202302
20230112,2023,2,202302
20230113,2023,2,202302
20230114,2023,2,202302
20230115,2023,3,202303
20230116,2023,3,202303
20230117,2023,3,202303
20230118,2023,3,202303
20230119,2023,3,202303
20230120,2023,3,202303
20230121,2023,3,202303
20230122,2023,4,202304
20230123,2023,4,202304
20230124,2023,4,202304
20230125,2023,4,202304
20230126,2023,4,202304
20230127,2023,4,202304
20230128,2023,4,202304
20230129,2023,5,202305
20230130,2023,5,202305
20230131,2023,5,202305
20230201,2023,5,202305
20230202,2023,5,202305
20230203,2023,5,202305
20230204,2023,5,202305
20230205,2023,6,202306
20230206,2023,6,202306
20230207,2023,6,202306
20230208,2023,6,202306
20230209,2023,6,202306
20230210,2023,6,202306
20230211,2023,6,202306
20230212,2023,7,202307
20230213,2023,7,202307
20230214,2023,7,202307
20230215,2023,7,202307
20230216,2023,7,202307
20230217,2023,7,202307
20230218,2023,7,202307
20230219,2023,8,202308
20230220,2023,8,202308
20230221,2023,8,202308
20230222,2023,8,202308
20230223,2023,8,202308
20230224,2023,8,202308
20230225,2023,8,202308
20230226,2023,9,202309
20230227,2023,9,202309
20230228,2023,9,202309
20230301,2023,9,202309
20230302,2023,9,202309
20230303,2023,9,202309
20230304,2023,9,202309
20230305,2023,10,202310
20230306,2023,10,202310
20230307,2023,10,202310
20230308,2023,10,202310
20230309,2023,10,202310
20230310,2023,10,202310
20230311,2023,10,202310
20230312,2023,11,202311
20230313,2023,11,202311
20230314,2023,11,202311
20230315,2023,11,202311
20230316,2023,11,202311
20230317,2023,11,202311
20230318,2023,11,202311
20230319,2023,12,202312
20230320,2023,12,202312
20230321,2023,12,202312
20230322,2023,12,202312
20230323,2023,12,202312
20230324,2023,12,202312
20230325,2023,12,202312
20230326,2023,13,202313
20230327,2023,13,202313
20230328,2023,13,202313
20230329,2023,13,202313
20230330,2023,13,202313
20230331,2023,13,202313
20230401,2023,13,202313
20230402,2023,14,202314
20230403,2023,14,202314
20230404,2023,14,202314
20230405,2023,14,202314
20230406,2023,14,202314
20230407,2023,14,202314
20230408,2023,14,202314
20230409,2023,15,202315
20230410,2023,15,202315
20230411,2023,15,202315
20230412,2023,15,202315
20230413,2023,15,202315
20230414,2023,15,202315
20230415,2023,15,202315
20230416,2023,16,202316
20230417,2023,16,202316
20230418,2023,16,202316
20230419,2023,16,202316
20230420,2023,16,202316
20230421,2023,16,202316
20230422,2023,16,202316
20230423,2023,17,202317
20230424,2023,17,202317
20230425,2023,17,202317
20230426,2023,17,202317
20230427,2023,17,202317
20230428,2023,17,202317
20230429,2023,17,202317
20230430,2023,18,202318
20230501,2023,18,202318
20230502,2023,18,202318
20230503,2023,18,202318
20230504,2023,18,202318
20230505,2023,18,202318
20230506,2023,18,202318
20230507,2023,19,202319
20230508,2023,19,202319
20230509,2023,19,202319
20230510,2023,19,202319
20230511,2023,19,202319
20230512,2023,19,202319
20230513,2023,19,202319
20230514,2023,20,202320
20230515,2023,20,202320
20230516,2023,20,202320
20230517,2023,20,202320
20230518,2023,20,202320
20230519,2023,20,202320
20230520,2023,20,202320
20230521,2023,21,202321
20230522,2023,21,202321
20230523,2023,21,202321
20230524,2023,21,202321
20230525,2023,21,202321
20230526,2023,21,202321
20230527,2023,21,202321
20230528,2023,22,202322
20230529,2023,22,202322
20230530,2023,22,202322
20230531,2023,22,202322
20230601,2023,22,202322
20230602,2023,22,202322
20230603,2023,22,202322
20230604,2023,23,202323
20230605,2023,23,202323
20230606,2023,23,202323
20230607,2023,23,202323
20230608,2023,23,202323
20230609,2023,23,202323
20230610,2023,23,202323
20230611,2023,24,202324
20230612,2023,24,202324
20230613,2023,24,202324
20230614,2023,24,202324
20230615,2023,24,202324
20230616,2023,24,202324
20230617,2023,24,202324
20230618,2023,25,202325
20230619,2023,25,202325
20230620,2023,25,202325
20230621,2023,25,202325
20230622,2023,25,202325
20230623,2023,25,202325
20230624,2023,25,202325
20230625,2023,26,202326
20230626,2023,26,202326
20230627,2023,26,202326
20230628,2023,26,202326
20230629,2023,26,202326
20230630,2023,26,202326
20230701,2023,26,202326
20230702,2023,27,202327
20230703,2023,27,202327
20230704,2023,27,202327
20230705,2023,27,202327
20230706,2023,27,202327
20230707,2023,27,202327
20230708,2023,27,202327
20230709,2023,28,202328
20230710,2023,28,202328
20230711,2023,28,202328
20230712,2023,28,202328
20230713,2023,28,202328
20230714,2023,28,202328
20230715,2023,28,202328
20230716,2023,29,202329
20230717,2023,29,202329
20230718,2023,29,202329
20230719,2023,29,202329
20230720,2023,29,202329
20230721,2023,29,202329
20230722,2023,29,202329
20230723,2023,30,202330
20230724,2023,30,202330
20230725,2023,30,202330
20230726,2023,30,202330
20230727,2023,30,202330
20230728,2023,30,202330
20230729,2023,30,202330
20230730,2023,31,202331
20230731,2023,31,202331
20230801,2023,31,202331
20230802,2023,31,202331
20230803,2023,31,202331
20230804,2023,31,202331
20230805,2023,31,202331
20230806,2023,32,202332
20230807,2023,32,202332
20230808,2023,32,202332
20230809,2023,32,202332
20230810,2023,32,202332
20230811,2023,32,202332
20230812,2023,32,202332
20230813,2023,33,202333
20230814,2023,33,202333
20230815,2023,33,202333
20230816,2023,33,202333
20230817,2023,33,202333
20230818,2023,33,202333
20230819,2023,33,202333
20230820,2023,34,202334
20230821,2023,34,202334
20230822,2023,34,202334
20230823,2023,34,202334
20230824,2023,34,202334
20230825,2023,34,202334
20230826,2023,34,202334
20230827,2023,35,202335
20230828,2023,35,202335
20230829,2023,35,202335
20230830,2023,35,202335
20230831,2023,35,202335
20230901,2023,35,202335
20230902,2023,35,202335
20230903,2023,36,202336
20230904,2023,36,202336
20230905,2023,36,202336
20230906,2023,36,202336
20230907,2023,36,202336
20230908,2023,36,202336
20230909,2023,36,202336
20230910,2023,37,202337
20230911,2023,37,202337
20230912,2023,37,202337
20230913,2023,37,202337
20230914,2023,37,202337
20230915,2023,37,202337
20230916,2023,37,202337
20230917,2023,38,202338
20230918,2023,38,202338
20230919,2023,38,202338
20230920,2023,38,202338
20230921,2023,38,202338
20230922,2023,38,202338
20230923,2023,38,202338
20230924,2023,39,202339
20230925,2023,39,202339
20230926,2023,39,202339
20230927,2023,39,202339
20230928,2023,39,202339
20230929,2023,39,202339
20230930,2023,39,202339
20231001,2023,40,202340
20231002,2023,40,202340
20231003,2023,40,202340
20231004,2023,40,202340
20231005,2023,40,202340
20231006,2023,40,202340
20231007,2023,40,202340
20231008,2023,41,202341
20231009,2023,41,202341
20231010,2023,41,202341
20231011,2023,41,202341
20231012,2023,41,202341
20231013,2023,41,202341
20231014,2023,41,202341
20231015,2023,42,202342
20231016,2023,42,202342
20231017,2023,42,202342
20231018,2023,42,202342
20231019,2023,42,202342
20231020,2023,42,202342
20231021,2023,42,202342
20231022,2023,43,202343
20231023,2023,43,202343
20231024,2023,43,202343
20231025,2023,43,202343
20231026,2023,43,202343
20231027,2023,43,202343
20231028,2023,43,202343
20231029,2023,44,202344
20231030,2023,44,202344
20231031,2023,44,202344
20231101,2023,44,202344
20231102,2023,44,202344
20231103,2023,44,202344
20231104,2023,44,202344
20231105,2023,45,202345
20231106,2023,45,202345
20231107,2023,45,202345
20231108,2023,45,202345
20231109,2023,45,202345
20231110,2023,45,202345
20231111,2023,45,202345
20231112,2023,46,202346
20231113,2023,46,202346
20231114,2023,46,202346
20231115,2023,46,202346
20231116,2023,46,202346
20231117,2023,46,202346
20231118,2023,46,202346
20231119,2023,47,202347
20231120,2023,47,202347
20231121,2023,47,202347
20231122,2023,47,202347
20231123,2023,47,202347
20231124,2023,47,202347
20231125,2023,47,202347
20231126,2023,48,202348
20231127,2023,48,202348
20231128,2023,48,202348
20231129,2023,48,202348
20231130,2023,48,202348
20231201,2023,48,202348
20231202,2023,48,202348
20231203,2023,49,202349
20231204,2023,49,202349
20231205,2023,49,202349
20231206,2023,49,202349
20231207,2023,49,202349
20231208,2023,49,202349
20231209,2023,49,202349
20231210,2023,50,202350
20231211,2023,50,202350
20231212,2023,50,202350
20231213,2023,50,202350
20231214,2023,50,202350
20231215,2023,50,202350
20231216,2023,50,202350
20231217,2023,51,202351
20231218,2023,51,202351
20231219,2023,51,202351
20231220,2023,51,202351
20231221,2023,51,202351
20231222,2023,51,202351
20231223,2023,51,202351
20231224,2023,52,202352
20231225,2023,52,202352
20231226,2023,52,202352
20231227,2023,52,202352
20231228,2023,52,202352
20231229,2023,52,202352
20231230,2023,52,202352
20231231,2024,1,202401
20240101,2024,1,202401
20240102,2024,1,202401
20240103,2024,1,202401
20240104,2024,1,202401
20240105,2024,1,202401
20240106,2024,1,202401
20240107,2024,2,202402
20240108,2024,2,202402
20240109,2024,2,202402
20240110,2024,2,202402
20240111,2024,2,202402
20240112,2024,2,202402
20240113,2024,2,202402
20240114,2024,3,202403
20240115,2024,3,202403
20240116,2024,3,202403
20240117,2024,3,202403
20240118,2024,3,202403
20240119,2024,3,202403
20240120,2024,3,202403
20240121,2024,4,202404
20240122,2024,4,202404
20240123,2024,4,202404
20240124,2024,4,202404
20240125,2024,4,202404
20240126,2024,4,202404
20240127,2024,4,202404
20240128,2024,5,202405
20240129,2024,5,202405
20240130,2024,5,202405
20240131,2024,5,202405
20240201,2024,5,202405
20240202,2024,5,202405
20240203,2024,5,202405
20240204,2024,6,202406
20240205,2024,6,202406
20240206,2024,6,202406
20240207,2024,6,202406
20240208,2024,6,202406
20240209,2024,6,202406
20240210,2024,6,202406
20240211,2024,7,202407
20240212,2024,7,202407
20240213,2024,7,202407
20240214,2024,7,202407
20240215,2024,7,202407
20240216,2024,7,202407
20240217,2024,7,202407
20240218,2024,8,202408
20240219,2024,8,202408
20240220,2024,8,202408
20240221,2024,8,202408
20240222,2024,8,202408
20240223,2024,8,202408
20240224,2024,8,202408
20240225,2024,9,202409
20240226,2024,9,202409
20240227,2024,9,202409
20240228,2024,9,202409
20240229,2024,9,202409
20240301,2024,9,202409
20240302,2024,9,202409
20240303,2024,10,202410
20240304,2024,10,202410
20240305,2024,10,202410
20240306,2024,10,202410
20240307,2024,10,202410
20240308,2024,10,202410
20240309,2024,10,202410
20240310,2024,11,202411
20240311,2024,11,202411
20240312,2024,11,202411
20240313,2024,11,202411
20240314,2024,11,202411
20240315,2024,11,202411
20240316,2024,11,202411
20240317,2024,12,202412
20240318,2024,12,202412
20240319,2024,12,202412
20240320,2024,12,202412
20240321,2024,12,202412
20240322,2024,12,202412
20240323,2024,12,202412
20240324,2024,13,202413
20240325,2024,13,202413
20240326,2024,13,202413
20240327,2024,13,202413
20240328,2024,13,202413
20240329,2024,13,202413
20240330,2024,13,202413
20240331,2024,14,202414
20240401,2024,14,202414
20240402,2024,14,202414
20240403,2024,14,202414
20240404,2024,14,202414
20240405,2024,14,202414
20240406,2024,14,202414
20240407,2024,15,202415
20240408,2024,15,202415
20240409,2024,15,202415
20240410,2024,15,202415
20240411,2024,15,202415
20240412,2024,15,202415
20240413,2024,15,202415
20240414,2024,16,202416
20240415,2024,16,202416
20240416,2024,16,202416
20240417,2024,16,202416
20240418,2024,16,202416
20240419,2024,16,202416
20240420,2024,16,202416
20240421,2024,17,202417
20240422,2024,17,202417
20240423,2024,17,202417
20240424,2024,17,202417
20240425,2024,17,202417
20240426,2024,17,202417
20240427,2024,17,202417
20240428,2024,18,202418
20240429,2024,18,202418
20240430,2024,18,202418
20240501,2024,18,202418
20240502,2024,18,202418
20240503,2024,18,202418
20240504,2024,18,202418
20240505,2024,19,202419
20240506,2024,19,202419
20240507,2024,19,202419
20240508,2024,19,202419
20240509,2024,19,202419
20240510,2024,19,202419
20240511,2024,19,202419
20240512,2024,20,202420
20240513,2024,20,202420
20240514,2024,20,202420
20240515,2024,20,202420
20240516,2024,20,202420
20240517,2024,20,202420
20240518,2024,20,202420
20240519,2024,21,202421
20240520,2024,21,202421
20240521,2024,21,202421
20240522,2024,21,202421
20240523,2024,21,202421
20240524,2024,21,202421
20240525,2024,21,202421
20240526,2024,22,202422
20240527,2024,22,202422
20240528,2024,22,202422
20240529,2024,22,202422
20240530,2024,22,202422
20240531,2024,22,202422
20240601,2024,22,202422
20240602,2024,23,202423
20240603,2024,23,202423
20240604,2024,23,202423
20240605,2024,23,202423
20240606,2024,23,202423
20240607,2024,23,202423
20240608,2024,23,202423
20240609,2024,24,202424
20240610,2024,24,202424
20240611,2024,24,202424
20240612,2024,24,202424
20240613,2024,24,202424
20240614,2024,24,202424
20240615,2024,24,202424
20240616,2024,25,202425
20240617,2024,25,202425
20240618,2024,25,202425
20240619,2024,25,202425
20240620,2024,25,202425
20240621,2024,25,202425
20240622,2024,25,202425
20240623,2024,26,202426
20240624,2024,26,202426
20240625,2024,26,202426
20240626,2024,26,202426
20240627,2024,26,202426
20240628,2024,26,202426
20240629,2024,26,202426
20240630,2024,27,202427
20240701,2024,27,202427
20240702,2024,27,202427
20240703,2024,27,202427
20240704,2024,27,202427
20240705,2024,27,202427
20240706,2024,27,202427
20240707,2024,28,202428
20240708,2024,28,202428
20240709,2024,28,202428
20240710,2024,28,202428
20240711,2024,28,202428
20240712,2024,28,202428
20240713,2024,28,202428
20240714,2024,29,202429
20240715,2024,29,202429
20240716,2024,29,202429
20240717,2024,29,202429
20240718,2024,29,202429
20240719,2024,29,202429
20240720,2024,29,202429
20240721,2024,30,202430
20240722,2024,30,202430
20240723,2024,30,202430
20240724,2024,30,202430
20240725,2024,30,202430
20240726,2024,30,202430
20240727,2024,30,202430
20240728,2024,31,202431
20240729,2024,31,202431
20240730,2024,31,202431
20240731,2024,31,202431
20240801,2024,31,202431
20240802,2024,31,202431
20240803,2024,31,202431
20240804,2024,32,202432
20240805,2024,32,202432
20240806,2024,32,202432
20240807,2024,32,202432
20240808,2024,32,202432
20240809,2024,32,202432
20240810,2024,32,202432
20240811,2024,33,202433
20240812,2024,33,202433
20240813,2024,33,202433
20240814,2024,33,202433
20240815,2024,33,202433
20240816,2024,33,202433
20240817,2024,33,202433
20240818,2024,34,202434
20240819,2024,34,202434
20240820,2024,34,202434
20240821,2024,34,202434
20240822,2024,34,202434
20240823,2024,34,202434
20240824,2024,34,202434
20240825,2024,35,202435
20240826,2024,35,202435
20240827,2024,35,202435
20240828,2024,35,202435
20240829,2024,35,202435
20240830,2024,35,202435
20240831,2024,35,202435
20240901,2024,36,202436
20240902,2024,36,202436
20240903,2024,36,202436
20240904,2024,36,202436
20240905,2024,36,202436
20240906,2024,36,202436
20240907,2024,36,202436
20240908,2024,37,202437
20240909,2024,37,202437
20240910,2024,37,202437
20240911,2024,37,202437
20240912,2024,37,202437
20240913,2024,37,202437
20240914,2024,37,202437
20240915,2024,38,202438
20240916,2024,38,202438
20240917,2024,38,202438
20240918,2024,38,202438
20240919,2024,38,202438
20240920,2024,38,202438
20240921,2024,38,202438
20240922,2024,39,202439
20240923,2024,39,202439
20240924,2024,39,202439
20240925,2024,39,202439
20240926,2024,39,202439
20240927,2024,39,202439
20240928,2024,39,202439
20240929,2024,40,202440
20240930,2024,40,202440
20241001,2024,40,202440
20241002,2024,40,202440
20241003,2024,40,202440
20241004,2024,40,202440
20241005,2024,40,202440
20241006,2024,41,202441
20241007,2024,41,202441
20241008,2024,41,202441
20241009,2024,41,202441
20241010,2024,41,202441
20241011,2024,41,202441
20241012,2024,41,202441
20241013,2024,42,202442
20241014,2024,42,202442
20241015,2024,42,202442
20241016,2024,42,202442
20241017,2024,42,202442
20241018,2024,42,202442
20241019,2024,42,202442
20241020,2024,43,202443
20241021,2024,43,202443
20241022,2024,43,202443
20241023,2024,43,202443
20241024,2024,43,202443
20241025,2024,43,202443
20241026,2024,43,202443
20241027,2024,44,202444
20241028,2024,44,202444
20241029,2024,44,202444
20241030,2024,44,202444
20241031,2024,44,202444
20241101,2024,44,202444
20241102,2024,44,202444
20241103,2024,45,202445
20241104,2024,45,202445
20241105,2024,45,202445
20241106,2024,45,202445
20241107,2024,45,202445
20241108,2024,45,202445
20241109,2024,45,202445
20241110,2024,46,202446
20241111,2024,46,202446
20241112,2024,46,202446
20241113,2024,46,202446
20241114,2024,46,202446
20241115,2024,46,202446
20241116,2024,46,202446
20241117,2024,47,202447
20241118,2024,47,202447
20241119,2024,47,202447
20241120,2024,47,202447
20241121,2024,47,202447
20241122,2024,47,202447
20241123,2024,47,202447
20241124,2024,48,202448
20241125,2024,48,202448
20241126,2024,48,202448
20241127,2024,48,202448
20241128,2024,48,202448
20241129,2024,48,202448
20241130,2024,48,202448
20241201,2024,49,202449
20241202,2024,49,202449
20241203,2024,49,202449
20241204,2024,49,202449
20241205,2024,49,202449
20241206,2024,49,202449
20241207,2024,49,202449
20241208,2024,50,202450
20241209,2024,50,202450
20241210,2024,50,202450
20241211,2024,50,202450
20241212,2024,50,202450
20241213,2024,50,202450
20241214,2024,50,202450
20241215,2024,51,202451
20241216,2024,51,202451
20241217,2024,51,202451
20241218,2024,51,202451
20241219,2024,51,202451
20241220,2024,51,202451
20241221,2024,51,202451
20241222,2024,52,202452
20241223,2024,52,202452
20241224,2024,52,202452
20241225,2024,52,202452
20241226,2024,52,202452
20241227,2024,52,202452
20241228,2024,52,202452
20241229,2025,1,202501
20241230,2025,1,202501
20241231,2025,1,202501
20250101,2025,1,202501
20250102,2025,1,202501
20250103,2025,1,202501
20250104,2025,1,202501
20250105,2025,2,202502
20250106,2025,2,202502
20250107,2025,2,202502
20250108,2025,2,202502
20250109,2025,2,202502
20250110,2025,2,202502
20250111,2025,2,202502
20250112,2025,3,202503
20250113,2025,3,202503
20250114,2025,3,202503
20250115,2025,3,202503
20250116,2025,3,202503
20250117,2025,3,202503
20250118,2025,3,202503
20250119,2025,4,202504
20250120,2025,4,202504
20250121,2025,4,202504
20250122,2025,4,202504
20250123,2025,4,202504
20250124,2025,4,202504
20250125,2025,4,202504
20250126,2025,5,202505
20250127,2025,5,202505
20250128,2025,5,202505
20250129,2025,5,202505
20250130,2025,5,202505
20250131,2025,5,202505
20250201,2025,5,202505
20250202,2025,6,202506
20250203,2025,6,202506
20250204,2025,6,202506
20250205,2025,6,202506
20250206,2025,6,202506
20250207,2025,6,202506
20250208,2025,6,202506
20250209,2025,7,202507
20250210,2025,7,202507
20250211,2025,7,202507
20250212,2025,7,202507
20250213,2025,7,202507
20250214,2025,7,202507
20250215,2025,7,202507
20250216,2025,8,202508
20250217,2025,8,202508
20250218,2025,8,202508
20250219,2025,8,202508
20250220,2025,8,202508
20250221,2025,8,202508
20250222,2025,8,202508
20250223,2025,9,202509
20250224,2025,9,202509
20250225,2025,9,202509
20250226,2025,9,202509
20250227,2025,9,202509
20250228,2025,9,202509
20250301,2025,9,202509
20250302,2025,10,202510
20250303,2025,10,202510
20250304,2025,10,202510
20250305,2025,10,202510
20250306,2025,10,202510
20250307,2025,10,202510
20250308,2025,10,202510
20250309,2025,11,202511
20250310,2025,11,202511
20250311,2025,11,202511
20250312,2025,11,202511
20250313,2025,11,202511
20250314,2025,11,202511
20250315,2025,11,202511
20250316,2025,12,202512
20250317,2025,12,202512
20250318,2025,12,202512
20250319,2025,12,202512
20250320,2025,12,202512
20250321,2025,12,202512
20250322,2025,12,202512
20250323,2025,13,202513
20250324,2025,13,202513
20250325,2025,13,202513
20250326,2025,13,202513
20250327,2025,13,202513
20250328,2025,13,202513
20250329,2025,13,202513
20250330,2025,14,202514
20250331,2025,14,202514
20250401,2025,14,202514
20250402,2025,14,202514
20250403,2025,14,202514
20250404,2025,14,202514
20250405,2025,14,202514
20250406,2025,15,202515
20250407,2025,15,202515
20250408,2025,15,202515
20250409,2025,15,202515
20250410,2025,15,202515
20250411,2025,15,202515
20250412,2025,15,202515
20250413,2025,16,202516
20250414,2025,16,202516
20250415,2025,16,202516
20250416,2025,16,202516
20250417,2025,16,202516
20250418,2025,16,202516
20250419,2025,16,202516
20250420,2025,17,202517
20250421,2025,17,202517
20250422,2025,17,202517
20250423,2025,17,202517
20250424,2025,17,202517
20250425,2025,17,202517
20250426,2025,17,202517
20250427,2025,18,202518
20250428,2025,18,202518
20250429,2025,18,202518
20250430,2025,18,202518
20250501,2025,18,202518
20250502,2025,18,202518
20250503,2025,18,202518
20250504,2025,19,202519
20250505,2025,19,202519
20250506,2025,19,202519
20250507,2025,19,202519
20250508,2025,19,202519
20250509,2025,19,202519
20250510,2025,19,202519
20250511,2025,20,202520
20250512,2025,20,202520
20250513,2025,20,202520
20250514,2025,20,202520
20250515,2025,20,202520
20250516,2025,20,202520
20250517,2025,20,202520
20250518,2025,21,202521
20250519,2025,21,202521
20250520,2025,21,202521
20250521,2025,21,202521
20250522,2025,21,202521
20250523,2025,21,202521
20250524,2025,21,202521
20250525,2025,22,202522
20250526,2025,22,202522
20250527,2025,22,202522
20250528,2025,22,202522
20250529,2025,22,202522
20250530,2025,22,202522
20250531,2025,22,202522
20250601,2025,23,202523
20250602,2025,23,202523
20250603,2025,23,202523
20250604,2025,23,202523
20250605,2025,23,202523
20250606,2025,23,202523
20250607,2025,23,202523
20250608,2025,24,202524
20250609,2025,24,202524
20250610,2025,24,202524
20250611,2025,24,202524
20250612,2025,24,202524
20250613,2025,24,202524
20250614,2025,24,202524
20250615,2025,25,202525
20250616,2025,25,202525
20250617,2025,25,202525
20250618,2025,25,202525
20250619,2025,25,202525
20250620,2025,25,202525
20250621,2025,25,202525
20250622,2025,26,202526
20250623,2025,26,202526
20250624,2025,26,202526
20250625,2025,26,202526
20250626,2025,26,202526
20250627,2025,26,202526
20250628,2025,26,202526
20250629,2025,27,202527
20250630,2025,27,202527
20250701,2025,27,202527
20250702,2025,27,202527
20250703,2025,27,202527
20250704,2025,27,202527
20250705,2025,27,202527
20250706,2025,28,202528
20250707,2025,28,202528
20250708,2025,28,202528
20250709,2025,28,202528
20250710,2025,28,202528
20250711,2025,28,202528
20250712,2025,28,202528
20250713,2025,29,202529
20250714,2025,29,202529
20250715,2025,29,202529
20250716,2025,29,202529
20250717,2025,29,202529
20250718,2025,29,202529
20250719,2025,29,202529
20250720,2025,30,202530
20250721,2025,30,202530
20250722,2025,30,202530
20250723,2025,30,202530
20250724,2025,30,202530
20250725,2025,30,202530
20250726,2025,30,202530
20250727,2025,31,202531
20250728,2025,31,202531
20250729,2025,31,202531
20250730,2025,31,202531
20250731,2025,31,202531
20250801,2025,31,202531
20250802,2025,31,202531
20250803,2025,32,202532
20250804,2025,32,202532
20250805,2025,32,202532
20250806,2025,32,202532
20250807,2025,32,202532
20250808,2025,32,202532
20250809,2025,32,202532
20250810,2025,33,202533
20250811,2025,33,202533
20250812,2025,33,202533
20250813,2025,33,202533
20250814,2025,33,202533
20250815,2025,33,202533
20250816,2025,33,202533
20250817,2025,34,202534
20250818,2025,34,202534
20250819,2025,34,202534
20250820,2025,34,202534
20250821,2025,34,202534
20250822,2025,34,202534
20250823,2025,34,202534
20250824,2025,35,202535
20250825,2025,35,202535
20250826,2025,35,202535
20250827,2025,35,202535
20250828,2025,35,202535
20250829,2025,35,202535
20250830,2025,35,202535
20250831,2025,36,202536
20250901,2025,36,202536
20250902,2025,36,202536
20250903,2025,36,202536
20250904,2025,36,202536
20250905,2025,36,202536
20250906,2025,36,202536
20250907,2025,37,202537
20250908,2025,37,202537
20250909,2025,37,202537
20250910,2025,37,202537
20250911,2025,37,202537
20250912,2025,37,202537
20250913,2025,37,202537
20250914,2025,38,202538
20250915,2025,38,202538
20250916,2025,38,202538
20250917,2025,38,202538
20250918,2025,38,202538
20250919,2025,38,202538
20250920,2025,38,202538
20250921,2025,39,202539
20250922,2025,39,202539
20250923,2025,39,202539
20250924,2025,39,202539
20250925,2025,39,202539
20250926,2025,39,202539
20250927,2025,39,202539
20250928,2025,40,202540
20250929,2025,40,202540
20250930,2025,40,202540
20251001,2025,40,202540
20251002,2025,40,202540
20251003,2025,40,202540
20251004,2025,40,202540
20251005,2025,41,202541
20251006,2025,41,202541
20251007,2025,41,202541
20251008,2025,41,202541
20251009,2025,41,202541
20251010,2025,41,202541
20251011,2025,41,202541
20251012,2025,42,202542
20251013,2025,42,202542
20251014,2025,42,202542
20251015,2025,42,202542
20251016,2025,42,202542
20251017,2025,42,202542
20251018,2025,42,202542
20251019,2025,43,202543
20251020,2025,43,202543
20251021,2025,43,202543
20251022,2025,43,202543
20251023,2025,43,202543
20251024,2025,43,202543
20251025,2025,43,202543
20251026,2025,44,202544
20251027,2025,44,202544
20251028,2025,44,202544
20251029,2025,44,202544
20251030,2025,44,202544
20251031,2025,44,202544
20251101,2025,44,202544
20251102,2025,45,202545
20251103,2025,45,202545
20251104,2025,45,202545
20251105,2025,45,202545
20251106,2025,45,202545
20251107,2025,45,202545
20251108,2025,45,202545
20251109,2025,46,202546
20251110,2025,46,202546
20251111,2025,46,202546
20251112,2025,46,202546
20251113,2025,46,202546
20251114,2025,46,202546
20251115,2025,46,202546
20251116,2025,47,202547
20251117,2025,47,202547
20251118,2025,47,202547
20251119,2025,47,202547
20251120,2025,47,202547
20251121,2025,47,202547
20251122,2025,47,202547
20251123,2025,48,202548
20251124,2025,48,202548
20251125,2025,48,202548
20251126,2025,48,202548
20251127,2025,48,202548
20251128,2025,48,202548
20251129,2025,48,202548
20251130,2025,49,202549
20251201,2025,49,202549
20251202,2025,49,202549
20251203,2025,49,202549
20251204,2025,49,202549
20251205,2025,49,202549
20251206,2025,49,202549
20251207,2025,50,202550
20251208,2025,50,202550
20251209,2025,50,202550
20251210,2025,50,202550
20251211,2025,50,202550
20251212,2025,50,202550
20251213,2025,50,202550
20251214,2025,51,202551
20251215,2025,51,202551
20251216,2025,51,202551
20251217,2025,51,202551
20251218,2025,51,202551
20251219,2025,51,202551
20251220,2025,51,202551
20251221,2025,52,202552
20251222,2025,52,202552
20251223,2025,52,202552
20251224,2025,52,202552
20251225,2025,52,202552
20251226,2025,52,202552
20251227,2025,52,202552
20251228,2025,53,202553
20251229,2025,53,202553
20251230,2025,53,202553
20251231,2025,53,202553
20260101,2025,53,202553
20260102,2025,53,202553
20260103,2025,53,202553
20260104,2026,1,202601
20260105,2026,1,202601
20260106,2026,1,202601
20260107,2026,1,202601
20260108,2026,1,202601
20260109,2026,1,202601
20260110,2026,1,202601
20260111,2026,2,202602
20260112,2026,2,202602
20260113,2026,2,202602
20260114,2026,2,202602
20260115,2026,2,202602
20260116,2026,2,202602
20260117,2026,2,202602
20260118,2026,3,202603
20260119,2026,3,202603
20260120,2026,3,202603
20260121,2026,3,202603
20260122,2026,3,202603
20260123,2026,3,202603
20260124,2026,3,202603
20260125,2026,4,202604
20260126,2026,4,202604
20260127,2026,4,202604
20260128,2026,4,202604
20260129,2026,4,202604
20260130,2026,4,202604
20260131,2026,4,202604
20260201,2026,5,202605
20260202,2026,5,202605
20260203,2026,5,202605
20260204,2026,5,202605
20260205,2026,5,202605
20260206,2026,5,202605
20260207,2026,5,202605
20260208,2026,6,202606
20260209,2026,6,202606
20260210,2026,6,202606
20260211,2026,6,202606
20260212,2026,6,202606
20260213,2026,6,202606
20260214,2026,6,202606
20260215,2026,7,202607
20260216,2026,7,202607
20260217,2026,7,202607
20260218,2026,7,202607
20260219,2026,7,202607
20260220,2026,7,202607
20260221,2026,7,202607
20260222,2026,8,202608
20260223,2026,8,202608
20260224,2026,8,202608
20260225,2026,8,202608
20260226,2026,8,202608
20260227,2026,8,202608
20260228,2026,8,202608
20260301,2026,9,202609
20260302,2026,9,202609
20260303,2026,9,202609
20260304,2026,9,202609
20260305,2026,9,202609
20260306,2026,9,202609
20260307,2026,9,202609
20260308,2026,10,202610
20260309,2026,10,202610
20260310,2026,10,202610
20260311,2026,10,202610
20260312,2026,10,202610
20260313,2026,10,202610
20260314,2026,10,202610
20260315,2026,11,202611
20260316,2026,11,202611
20260317,2026,11,202611
20260318,2026,11,202611
20260319,2026,11,202611
20260320,2026,11,202611
20260321,2026,11,202611
20260322,2026,12,202612
20260323,2026,12,202612
20260324,2026,12,202612
20260325,2026,12,202612
20260326,2026,12,202612
20260327,2026,12,202612
20260328,2026,12,202612
20260329,2026,13,202613
20260330,2026,13,202613
20260331,2026,13,202613
20260401,2026,13,202613
20260402,2026,13,202613
20260403,2026,13,202613
20260404,2026,13,202613
20260405,2026,14,202614
20260406,2026,14,202614
20260407,2026,14,202614
20260408,2026,14,202614
20260409,2026,14,202614
20260410,2026,14,202614
20260411,2026,14,202614
20260412,2026,15,202615
20260413,2026,15,202615
20260414,2026,15,202615
20260415,2026,15,202615
20260416,2026,15,202615
20260417,2026,15,202615
20260418,2026,15,202615
20260419,2026,16,202616
20260420,2026,16,202616
20260421,2026,16,202616
20260422,2026,16,202616
20260423,2026,16,202616
20260424,2026,16,202616
20260425,2026,16,202616
20260426,2026,17,202617
20260427,2026,17,202617
20260428,2026,17,202617
20260429,2026,17,202617
20260430,2026,17,202617
20260501,2026,17,202617
20260502,2026,17,202617
20260503,2026,18,202618
20260504,2026,18,202618
20260505,2026,18,202618
20260506,2026,18,202618
20260507,2026,18,202618
20260508,2026,18,202618
20260509,2026,18,202618
20260510,2026,19,202619
20260511,2026,19,202619
20260512,2026,19,202619
20260513,2026,19,202619
20260514,2026,19,202619
20260515,2026,19,202619
20260516,2026,19,202619
20260517,2026,20,202620
20260518,2026,20,202620
20260519,2026,20,202620
20260520,2026,20,202620
20260521,2026,20,202620
20260522,2026,20,202620
20260523,2026,20,202620
20260524,2026,21,202621
20260525,2026,21,202621
20260526,2026,21,202621
20260527,2026,21,202621
20260528,2026,21,202621
20260529,2026,21,202621
20260530,2026,21,202621
20260531,2026,22,202622
20260601,2026,22,202622
20260602,2026,22,202622
20260603,2026,22,202622
20260604,2026,22,202622
20260605,2026,22,202622
20260606,2026,22,202622
20260607,2026,23,202623
20260608,2026,23,202623
20260609,2026,23,202623
20260610,2026,23,202623
20260611,2026,23,202623
20260612,2026,23,202623
20260613,2026,23,202623
20260614,2026,24,202624
20260615,2026,24,202624
20260616,2026,24,202624
20260617,2026,24,202624
20260618,2026,24,202624
20260619,2026,24,202624
20260620,2026,24,202624
20260621,2026,25,202625
20260622,2026,25,202625
20260623,2026,25,202625
20260624,2026,25,202625
20260625,2026,25,202625
20260626,2026,25,202625
20260627,2026,25,202625
20260628,2026,26,202626
20260629,2026,26,202626
20260630,2026,26,202626
20260701,2026,26,202626
20260702,2026,26,202626
20260703,2026,26,202626
20260704,2026,26,202626
20260705,2026,27,202627
20260706,2026,27,202627
20260707,2026,27,202627
20260708,2026,27,202627
20260709,2026,27,202627
20260710,2026,27,202627
20260711,2026,27,202627
20260712,2026,28,202628
20260713,2026,28,202628
20260714,2026,28,202628
20260715,2026,28,202628
20260716,2026,28,202628
20260717,2026,28,202628
20260718,2026,28,202628
20260719,2026,29,202629
20260720,2026,29,202629
20260721,2026,29,202629
20260722,2026,29,202629
20260723,2026,29,202629
20260724,2026,29,202629
20260725,2026,29,202629
20260726,2026,30,202630
20260727,2026,30,202630
20260728,2026,30,202630
20260729,2026,30,202630
20260730,2026,30,202630
20260731,2026,30,202630
20260801,2026,30,202630
20260802,2026,31,202631
20260803,2026,31,202631
20260804,2026,31,202631
20260805,2026,31,202631
20260806,2026,31,202631
20260807,2026,31,202631
20260808,2026,31,202631
20260809,2026,32,202632
20260810,2026,32,202632
20260811,2026,32,202632
20260812,2026,32,202632
20260813,2026,32,202632
20260814,2026,32,202632
20260815,2026,32,202632
20260816,2026,33,202633
20260817,2026,33,202633
20260818,2026,33,202633
20260819,2026,33,202633
20260820,2026,33,202633
20260821,2026,33,202633
20260822,2026,33,202633
20260823,2026,34,202634
20260824,2026,34,202634
20260825,2026,34,202634
20260826,2026,34,202634
20260827,2026,34,202634
20260828,2026,34,202634
20260829,2026,34,202634
20260830,2026,35,202635
20260831,2026,35,202635
20260901,2026,35,202635
20260902,2026,35,202635
20260903,2026,35,202635
20260904,2026,35,202635
20260905,2026,35,202635
20260906,2026,36,202636
20260907,2026,36,202636
20260908,2026,36,202636
20260909,2026,36,202636
20260910,2026,36,202636
20260911,2026,36,202636
20260912,2026,36,202636
20260913,2026,37,202637
20260914,2026,37,202637
20260915,2026,37,202637
20260916,2026,37,202637
20260917,2026,37,202637
20260918,2026,37,202637
20260919,2026,37,202637
20260920,2026,38,202638
20260921,2026,38,202638
20260922,2026,38,202638
20260923,2026,38,202638
20260924,2026,38,202638
20260925,2026,38,202638
20260926,2026,38,202638
20260927,2026,39,202639
20260928,2026,39,202639
20260929,2026,39,202639
20260930,2026,39,202639
20261001,2026,39,202639
20261002,2026,39,202639
20261003,2026,39,202639
20261004,2026,40,202640
20261005,2026,40,202640
20261006,2026,40,202640
20261007,2026,40,202640
20261008,2026,40,202640
20261009,2026,40,202640
20261010,2026,40,202640
20261011,2026,41,202641
20261012,2026,41,202641
20261013,2026,41,202641
20261014,2026,41,202641
20261015,2026,41,202641
20261016,2026,41,202641
20261017,2026,41,202641
20261018,2026,42,202642
20261019,2026,42,202642
20261020,2026,42,202642
20261021,2026,42,202642
20261022,2026,42,202642
20261023,2026,42,202642
20261024,2026,42,202642
20261025,2026,43,202643
20261026,2026,43,202643
20261027,2026,43,202643
20261028,2026,43,202643
20261029,2026,43,202643
20261030,2026,43,202643
20261031,2026,43,202643
20261101,2026,44,202644
20261102,2026,44,202644
20261103,2026,44,202644
20261104,2026,44,202644
20261105,2026,44,202644
20261106,2026,44,202644
20261107,2026,44,202644
20261108,2026,45,202645
20261109,2026,45,202645
20261110,2026,45,202645
20261111,2026,45,202645
20261112,2026,45,202645
20261113,2026,45,202645
20261114,2026,45,202645
20261115,2026,46,202646
20261116,2026,46,202646
20261117,2026,46,202646
20261118,2026,46,202646
20261119,2026,46,202646
20261120,2026,46,202646
20261121,2026,46,202646
20261122,2026,47,202647
20261123,2026,47,202647
20261124,2026,47,202647
20261125,2026,47,202647
20261126,2026,47,202647
20261127,2026,47,202647
20261128,2026,47,202647
20261129,2026,48,202648
20261130,2026,48,202648
20261201,2026,48,202648
20261202,2026,48,202648
20261203,2026,48,202648
20261204,2026,48,202648
20261205,2026,48,202648
20261206,2026,49,202649
20261207,2026,49,202649
20261208,2026,49,202649
20261209,2026,49,202649
20261210,2026,49,202649
20261211,2026,49,202649
20261212,2026,49,202649
20261213,2026,50,202650
20261214,2026,50,202650
20261215,2026,50,202650
20261216,2026,50,202650
20261217,2026,50,202650
20261218,2026,50,202650
20261219,2026,50,202650
20261220,2026,51,202651
20261221,2026,51,202651
20261222,2026,51,202651
20261223,2026,51,202651
20261224,2026,51,202651
20261225,2026,51,202651
20261226,2026,51,202651
20261227,2026,52,202652
20261228,2026,52,202652
20261229,2026,52,202652
20261230,2026,52,202652
20261231,2026,52,202652
20270101,2026,52,202652
20270102,2026,52,202652
20270103,2027,1,202701
20270104,2027,1,202701
20270105,2027,1,202701
20270106,2027,1,202701
20270107,2027,1,202701
20270108,2027,1,202701
20270109,2027,1,202701
20270110,2027,2,202702
20270111,2027,2,202702
20270112,2027,2,202702
20270113,2027,2,202702
20270114,2027,2,202702
20270115,2027,2,202702
20270116,2027,2,202702
20270117,2027,3,202703
20270118,2027,3,202703
20270119,2027,3,202703
20270120,2027,3,202703
20270121,2027,3,202703
20270122,2027,3,202703
20270123,2027,3,202703
20270124,2027,4,202704
20270125,2027,4,202704
20270126,2027,4,202704
20270127,2027,4,202704
20270128,2027,4,202704
20270129,2027,4,202704
20270130,2027,4,202704
20270131,2027,5,202705
20270201,2027,5,202705
20270202,2027,5,202705
20270203,2027,5,202705
20270204,2027,5,202705
20270205,2027,5,202705
20270206,2027,5,202705
20270207,2027,6,202706
20270208,2027,6,202706
20270209,2027,6,202706
20270210,2027,6,202706
20270211,2027,6,202706
20270212,2027,6,202706
20270213,2027,6,202706
20270214,2027,7,202707
20270215,2027,7,202707
20270216,2027,7,202707
20270217,2027,7,202707
20270218,2027,7,202707
20270219,2027,7,202707
20270220,2027,7,202707
20270221,2027,8,202708
20270222,2027,8,202708
20270223,2027,8,202708
20270224,2027,8,202708
20270225,2027,8,202708
20270226,2027,8,202708
20270227,2027,8,202708
20270228,2027,9,202709
20270301,2027,9,202709
20270302,2027,9,202709
20270303,2027,9,202709
20270304,2027,9,202709
20270305,2027,9,202709
20270306,2027,9,202709
20270307,2027,10,202710
20270308,2027,10,202710
20270309,2027,10,202710
20270310,2027,10,202710
20270311,2027,10,202710
20270312,2027,10,202710
20270313,2027,10,202710
20270314,2027,11,202711
20270315,2027,11,202711
20270316,2027,11,202711
20270317,2027,11,202711
20270318,2027,11,202711
20270319,2027,11,202711
20270320,2027,11,202711
20270321,2027,12,202712
20270322,2027,12,202712
20270323,2027,12,202712
20270324,2027,12,202712
20270325,2027,12,202712
20270326,2027,12,202712
20270327,2027,12,202712
20270328,2027,13,202713
20270329,2027,13,202713
20270330,2027,13,202713
20270331,2027,13,202713
20270401,2027,13,202713
20270402,2027,13,202713
20270403,2027,13,202713
20270404,2027,14,202714
20270405,2027,14,202714
20270406,2027,14,202714
20270407,2027,14,202714
20270408,2027,14,202714
20270409,2027,14,202714
20270410,2027,14,202714
20270411,2027,15,202715
20270412,2027,15,202715
20270413,2027,15,202715
20270414,2027,15,202715
20270415,2027,15,202715
20270416,2027,15,202715
20270417,2027,15,202715
20270418,2027,16,202716
20270419,2027,16,202716
20270420,2027,16,202716
20270421,2027,16,202716
20270422,2027,16,202716
20270423,2027,16,202716
20270424,2027,16,202716
20270425,2027,17,202717
20270426,2027,17,202717
20270427,2027,17,202717
20270428,2027,17,202717
20270429,2027,17,202717
20270430,2027,17,202717
20270501,2027,17,202717
20270502,2027,18,202718
20270503,2027,18,202718
20270504,2027,18,202718
20270505,2027,18,202718
20270506,2027,18,202718
20270507,2027,18,202718
20270508,2027,18,202718
20270509,2027,19,202719
20270510,2027,19,202719
20270511,2027,19,202719
20270512,2027,19,202719
20270513,2027,19,202719
20270514,2027,19,202719
20270515,2027,19,202719
20270516,2027,20,202720
20270517,2027,20,202720
20270518,2027,20,202720
20270519,2027,20,202720
20270520,2027,20,202720
20270521,2027,20,202720
20270522,2027,20,202720
20270523,2027,21,202721
20270524,2027,21,202721
20270525,2027,21,202721
20270526,2027,21,202721
20270527,2027,21,202721
20270528,2027,21,202721
20270529,2027,21,202721
20270530,2027,22,202722
20270531,2027,22,202722
20270601,2027,22,202722
20270602,2027,22,202722
20270603,2027,22,202722
20270604,2027,22,202722
20270605,2027,22,202722
20270606,2027,23,202723
20270607,2027,23,202723
20270608,2027,23,202723
20270609,2027,23,202723
20270610,2027,23,202723
20270611,2027,23,202723
20270612,2027,23,202723
20270613,2027,24,202724
20270614,2027,24,202724
20270615,2027,24,202724
20270616,2027,24,202724
20270617,2027,24,202724
20270618,2027,24,202724
20270619,2027,24,202724
20270620,2027,25,202725
20270621,2027,25,202725
20270622,2027,25,202725
20270623,2027,25,202725
20270624,2027,25,202725
20270625,2027,25,202725
20270626,2027,25,202725
20270627,2027,26,202726
20270628,2027,26,202726
20270629,2027,26,202726
20270630,2027,26,202726
20270701,2027,26,202726
20270702,2027,26,202726
20270703,2027,26,202726
20270704,2027,27,202727
20270705,2027,27,202727
20270706,2027,27,202727
20270707,2027,27,202727
20270708,2027,27,202727
20270709,2027,27,202727
20270710,2027,27,202727
20270711,2027,28,202728
20270712,2027,28,202728
20270713,2027,28,202728
20270714,2027,28,202728
20270715,2027,28,202728
20270716,2027,28,202728
20270717,2027,28,202728
20270718,2027,29,202729
20270719,2027,29,202729
20270720,2027,29,202729
20270721,2027,29,202729
20270722,2027,29,202729
20270723,2027,29,202729
20270724,2027,29,202729
20270725,2027,30,202730
20270726,2027,30,202730
20270727,2027,30,202730
20270728,2027,30,202730
20270729,2027,30,202730
20270730,2027,30,202730
20270731,2027,30,202730
20270801,2027,31,202731
20270802,2027,31,202731
20270803,2027,31,202731
20270804,2027,31,202731
20270805,2027,31,202731
20270806,2027,31,202731
20270807,2027,31,202731
20270808,2027,32,202732
20270809,2027,32,202732
20270810,2027,32,202732
20270811,2027,32,202732
20270812,2027,32,202732
20270813,2027,32,202732
20270814,2027,32,202732
20270815,2027,33,202733
20270816,2027,33,202733
20270817,2027,33,202733
20270818,2027,33,202733
20270819,2027,33,202733
20270820,2027,33,202733
20270821,2027,33,202733
20270822,2027,34,202734
20270823,2027,34,202734
20270824,2027,34,202734
20270825,2027,34,202734
20270826,2027,34,202734
20270827,2027,34,202734
20270828,2027,34,202734
20270829,2027,35,202735
20270830,2027,35,202735
20270831,2027,35,202735
20270901,2027,35,202735
20270902,2027,35,202735
20270903,2027,35,202735
20270904,2027,35,202735
20270905,2027,36,202736
20270906,2027,36,202736
20270907,2027,36,202736
20270908,2027,36,202736
20270909,2027,36,202736
20270910,2027,36,202736
20270911,2027,36,202736
20270912,2027,37,202737
20270913,2027,37,202737
20270914,2027,37,202737
20270915,2027,37,202737
20270916,2027,37,202737
20270917,2027,37,202737
20270918,2027,37,202737
20270919,2027,38,202738
20270920,2027,38,202738
20270921,2027,38,202738
20270922,2027,38,202738
20270923,2027,38,202738
20270924,2027,38,202738
20270925,2027,38,202738
20270926,2027,39,202739
20270927,2027,39,202739
20270928,2027,39,202739
20270929,2027,39,202739
20270930,2027,39,202739
20271001,2027,39,202739
20271002,2027,39,202739
20271003,2027,40,202740
20271004,2027,40,202740
20271005,2027,40,202740
20271006,2027,40,202740
20271007,2027,40,202740
20271008,2027,40,202740
20271009,2027,40,202740
20271010,2027,41,202741
20271011,2027,41,202741
20271012,2027,41,202741
20271013,2027,41,202741
20271014,2027,41,202741
20271015,2027,41,202741
20271016,2027,41,202741
20271017,2027,42,202742
20271018,2027,42,202742
20271019,2027,42,202742
20271020,2027,42,202742
20271021,2027,42,202742
20271022,2027,42,202742
20271023,2027,42,202742
20271024,2027,43,202743
20271025,2027,43,202743
20271026,2027,43,202743
20271027,2027,43,202743
20271028,2027,43,202743
20271029,2027,43,202743
20271030,2027,43,202743
20271031,2027,44,202744
20271101,2027,44,202744
20271102,2027,44,202744
20271103,2027,44,202744
20271104,2027,44,202744
20271105,2027,44,202744
20271106,2027,44,202744
20271107,2027,45,202745
20271108,2027,45,202745
20271109,2027,45,202745
20271110,2027,45,202745
20271111,2027,45,202745
20271112,2027,45,202745
20271113,2027,45,202745
20271114,2027,46,202746
20271115,2027,46,202746
20271116,2027,46,202746
20271117,2027,46,202746
20271118,2027,46,202746
20271119,2027,46,202746
20271120,2027,46,202746
20271121,2027,47,202747
20271122,2027,47,202747
20271123,2027,47,202747
20271124,2027,47,202747
20271125,2027,47,202747
20271126,2027,47,202747
20271127,2027,47,202747
20271128,2027,48,202748
20271129,2027,48,202748
20271130,2027,48,202748
20271201,2027,48,202748
20271202,2027,48,202748
20271203,2027,48,202748
20271204,2027,48,202748
20271205,2027,49,202749
20271206,2027,49,202749
20271207,2027,49,202749
20271208,2027,49,202749
20271209,2027,49,202749
20271210,2027,49,202749
20271211,2027,49,202749
20271212,2027,50,202750
20271213,2027,50,202750
20271214,2027,50,202750
20271215,2027,50,202750
20271216,2027,50,202750
20271217,2027,50,202750
20271218,2027,50,202750
20271219,2027,51,202751
20271220,2027,51,202751
20271221,2027,51,202751
20271222,2027,51,202751
20271223,2027,51,202751
20271224,2027,51,202751
20271225,2027,51,202751
20271226,2027,52,202752
20271227,2027,52,202752
20271228,2027,52,202752
20271229,2027,52,202752
20271230,2027,52,202752
20271231,2027,52,202752
20280101,2027,52,202752
20280102,2028,1,202801
20280103,2028,1,202801
20280104,2028,1,202801
20280105,2028,1,202801
20280106,2028,1,202801
20280107,2028,1,202801
20280108,2028,1,202801
20280109,2028,2,202802
20280110,2028,2,202802
20280111,2028,2,202802
20280112,2028,2,202802
20280113,2028,2,202802
20280114,2028,2,202802
20280115,2028,2,202802
20280116,2028,3,202803
20280117,2028,3,202803
20280118,2028,3,202803
20280119,2028,3,202803
20280120,2028,3,202803
20280121,2028,3,202803
20280122,2028,3,202803
20280123,2028,4,202804
20280124,2028,4,202804
20280125,2028,4,202804
20280126,2028,4,202804
20280127,2028,4,202804
20280128,2028,4,202804
20280129,2028,4,202804
20280130,2028,5,202805
20280131,2028,5,202805
20280201,2028,5,202805
20280202,2028,5,202805
20280203,2028,5,202805
20280204,2028,5,202805
20280205,2028,5,202805
20280206,2028,6,202806
20280207,2028,6,202806
20280208,2028,6,202806
20280209,2028,6,202806
20280210,2028,6,202806
20280211,2028,6,202806
20280212,2028,6,202806
20280213,2028,7,202807
20280214,2028,7,202807
20280215,2028,7,202807
20280216,2028,7,202807
20280217,2028,7,202807
20280218,2028,7,202807
20280219,2028,7,202807
20280220,2028,8,202808
20280221,2028,8,202808
20280222,2028,8,202808
20280223,2028,8,202808
20280224,2028,8,202808
20280225,2028,8,202808
20280226,2028,8,202808
20280227,2028,9,202809
20280228,2028,9,202809
20280229,2028,9,202809
20280301,2028,9,202809
20280302,2028,9,202809
20280303,2028,9,202809
20280304,2028,9,202809
20280305,2028,10,202810
20280306,2028,10,202810
20280307,2028,10,202810
20280308,2028,10,202810
20280309,2028,10,202810
20280310,2028,10,202810
20280311,2028,10,202810
20280312,2028,11,202811
20280313,2028,11,202811
20280314,2028,11,202811
20280315,2028,11,202811
20280316,2028,11,202811
20280317,2028,11,202811
20280318,2028,11,202811
20280319,2028,12,202812
20280320,2028,12,202812
20280321,2028,12,202812
20280322,2028,12,202812
20280323,2028,12,202812
20280324,2028,12,202812
20280325,2028,12,202812
20280326,2028,13,202813
20280327,2028,13,202813
20280328,2028,13,202813
20280329,2028,13,202813
20280330,2028,13,202813
20280331,2028,13,202813
20280401,2028,13,202813
20280402,2028,14,202814
20280403,2028,14,202814
20280404,2028,14,202814
20280405,2028,14,202814
20280406,2028,14,202814
20280407,2028,14,202814
20280408,2028,14,202814
20280409,2028,15,202815
20280410,2028,15,202815
20280411,2028,15,202815
20280412,2028,15,202815
20280413,2028,15,202815
20280414,2028,15,202815
20280415,2028,15,202815
20280416,2028,16,202816
20280417,2028,16,202816
20280418,2028,16,202816
20280419,2028,16,202816
20280420,2028,16,202816
20280421,2028,16,202816
20280422,2028,16,202816
20280423,2028,17,202817
20280424,2028,17,202817
20280425,2028,17,202817
20280426,2028,17,202817
20280427,2028,17,202817
20280428,2028,17,202817
20280429,2028,17,202817
20280430,2028,18,202818
20280501,2028,18,202818
20280502,2028,18,202818
20280503,2028,18,202818
20280504,2028,18,202818
20280505,2028,18,202818
20280506,2028,18,202818
20280507,2028,19,202819
20280508,2028,19,202819
20280509,2028,19,202819
20280510,2028,19,202819
20280511,2028,19,202819
20280512,2028,19,202819
20280513,2028,19,202819
20280514,2028,20,202820
20280515,2028,20,202820
20280516,2028,20,202820
20280517,2028,20,202820
20280518,2028,20,202820
20280519,2028,20,202820
20280520,2028,20,202820
20280521,2028,21,202821
20280522,2028,21,202821
20280523,2028,21,202821
20280524,2028,21,202821
20280525,2028,21,202821
20280526,2028,21,202821
20280527,2028,21,202821
20280528,2028,22,202822
20280529,2028,22,202822
20280530,2028,22,202822
20280531,2028,22,202822
20280601,2028,22,202822
20280602,2028,22,202822
20280603,2028,22,202822
20280604,2028,23,202823
20280605,2028,23,202823
20280606,2028,23,202823
20280607,2028,23,202823
20280608,2028,23,202823
20280609,2028,23,202823
20280610,2028,23,202823
20280611,2028,24,202824
20280612,2028,24,202824
20280613,2028,24,202824
20280614,2028,24,202824
20280615,2028,24,202824
20280616,2028,24,202824
20280617,2028,24,202824
20280618,2028,25,202825
20280619,2028,25,202825
20280620,2028,25,202825
20280621,2028,25,202825
20280622,2028,25,202825
20280623,2028,25,202825
20280624,2028,25,202825
20280625,2028,26,202826
20280626,2028,26,202826
20280627,2028,26,202826
20280628,2028,26,202826
20280629,2028,26,202826
20280630,2028,26,202826
20280701,2028,26,202826
20280702,2028,27,202827
20280703,2028,27,202827
20280704,2028,27,202827
20280705,2028,27,202827
20280706,2028,27,202827
20280707,2028,27,202827
20280708,2028,27,202827
20280709,2028,28,202828
20280710,2028,28,202828
20280711,2028,28,202828
20280712,2028,28,202828
20280713,2028,28,202828
20280714,2028,28,202828
20280715,2028,28,202828
20280716,2028,29,202829
20280717,2028,29,202829
20280718,2028,29,202829
20280719,2028,29,202829
20280720,2028,29,202829
20280721,2028,29,202829
20280722,2028,29,202829
20280723,2028,30,202830
20280724,2028,30,202830
20280725,2028,30,202830
20280726,2028,30,202830
20280727,2028,30,202830
20280728,2028,30,202830
20280729,2028,30,202830
20280730,2028,31,202831
20280731,2028,31,202831
20280801,2028,31,202831
20280802,2028,31,202831
20280803,2028,31,202831
20280804,2028,31,202831
20280805,2028,31,202831
20280806,2028,32,202832
20280807,2028,32,202832
20280808,2028,32,202832
20280809,2028,32,202832
20280810,2028,32,202832
20280811,2028,32,202832
20280812,2028,32,202832
20280813,2028,33,202833
20280814,2028,33,202833
20280815,2028,33,202833
20280816,2028,33,202833
20280817,2028,33,202833
20280818,2028,33,202833
20280819,2028,33,202833
20280820,2028,34,202834
20280821,2028,34,202834
20280822,2028,34,202834
20280823,2028,34,202834
20280824,2028,34,202834
20280825,2028,34,202834
20280826,2028,34,202834
20280827,2028,35,202835
20280828,2028,35,202835
20280829,2028,35,202835
20280830,2028,35,202835
20280831,2028,35,202835
20280901,2028,35,202835
20280902,2028,35,202835
20280903,2028,36,202836
20280904,2028,36,202836
20280905,2028,36,202836
20280906,2028,36,202836
20280907,2028,36,202836
20280908,2028,36,202836
20280909,2028,36,202836
20280910,2028,37,202837
20280911,2028,37,202837
20280912,2028,37,202837
20280913,2028,37,202837
20280914,2028,37,202837
20280915,2028,37,202837
20280916,2028,37,202837
20280917,2028,38,202838
20280918,2028,38,202838
20280919,2028,38,202838
20280920,2028,38,202838
20280921,2028,38,202838
20280922,2028,38,202838
20280923,2028,38,202838
20280924,2028,39,202839
20280925,2028,39,202839
20280926,2028,39,202839
20280927,2028,39,202839
20280928,2028,39,202839
20280929,2028,39,202839
20280930,2028,39,202839
20281001,2028,40,202840
20281002,2028,40,202840
20281003,2028,40,202840
20281004,2028,40,202840
20281005,2028,40,202840
20281006,2028,40,202840
20281007,2028,40,202840
20281008,2028,41,202841
20281009,2028,41,202841
20281010,2028,41,202841
20281011,2028,41,202841
20281012,2028,41,202841
20281013,2028,41,202841
20281014,2028,41,202841
20281015,2028,42,202842
20281016,2028,42,202842
20281017,2028,42,202842
20281018,2028,42,202842
20281019,2028,42,202842
20281020,2028,42,202842
20281021,2028,42,202842
20281022,2028,43,202843
20281023,2028,43,202843
20281024,2028,43,202843
20281025,2028,43,202843
20281026,2028,43,202843
20281027,2028,43,202843
20281028,2028,43,202843
20281029,2028,44,202844
20281030,2028,44,202844
20281031,2028,44,202844
20281101,2028,44,202844
20281102,2028,44,202844
20281103,2028,44,202844
20281104,2028,44,202844
20281105,2028,45,202845
20281106,2028,45,202845
20281107,2028,45,202845
20281108,2028,45,202845
20281109,2028,45,202845
20281110,2028,45,202845
20281111,2028,45,202845
20281112,2028,46,202846
20281113,2028,46,202846
20281114,2028,46,202846
20281115,2028,46,202846
20281116,2028,46,202846
20281117,2028,46,202846
20281118,2028,46,202846
20281119,2028,47,202847
20281120,2028,47,202847
20281121,2028,47,202847
20281122,2028,47,202847
20281123,2028,47,202847
20281124,2028,47,202847
20281125,2028,47,202847
20281126,2028,48,202848
20281127,2028,48,202848
20281128,2028,48,202848
20281129,2028,48,202848
20281130,2028,48,202848
20281201,2028,48,202848
20281202,2028,48,202848
20281203,2028,49,202849
20281204,2028,49,202849
20281205,2028,49,202849
20281206,2028,49,202849
20281207,2028,49,202849
20281208,2028,49,202849
20281209,2028,49,202849
20281210,2028,50,202850
20281211,2028,50,202850
20281212,2028,50,202850
20281213,2028,50,202850
20281214,2028,50,202850
20281215,2028,50,202850
20281216,2028,50,202850
20281217,2028,51,202851
20281218,2028,51,202851
20281219,2028,51,202851
20281220,2028,51,202851
20281221,2028,51,202851
20281222,2028,51,202851
20281223,2028,51,202851
20281224,2028,52,202852
20281225,2028,52,202852
20281226,2028,52,202852
20281227,2028,52,202852
20281228,2028,52,202852
20281229,2028,52,202852
20281230,2028,52,202852
20281231,2029,1,202901
20290101,2029,1,202901
20290102,2029,1,202901
20290103,2029,1,202901
20290104,2029,1,202901
20290105,2029,1,202901
20290106,2029,1,202901
20290107,2029,2,202902
20290108,2029,2,202902
20290109,2029,2,202902
20290110,2029,2,202902
20290111,2029,2,202902
20290112,2029,2,202902
20290113,2029,2,202902
20290114,2029,3,202903
20290115,2029,3,202903
20290116,2029,3,202903
20290117,2029,3,202903
20290118,2029,3,202903
20290119,2029,3,202903
20290120,2029,3,202903
20290121,2029,4,202904
20290122,2029,4,202904
20290123,2029,4,202904
20290124,2029,4,202904
20290125,2029,4,202904
20290126,2029,4,202904
20290127,2029,4,202904
20290128,2029,5,202905
20290129,2029,5,202905
20290130,2029,5,202905
20290131,2029,5,202905
20290201,2029,5,202905
20290202,2029,5,202905
20290203,2029,5,202905
20290204,2029,6,202906
20290205,2029,6,202906
20290206,2029,6,202906
20290207,2029,6,202906
20290208,2029,6,202906
20290209,2029,6,202906
20290210,2029,6,202906
20290211,2029,7,202907
20290212,2029,7,202907
20290213,2029,7,202907
20290214,2029,7,202907
20290215,2029,7,202907
20290216,2029,7,202907
20290217,2029,7,202907
20290218,2029,8,202908
20290219,2029,8,202908
20290220,2029,8,202908
20290221,2029,8,202908
20290222,2029,8,202908
20290223,2029,8,202908
20290224,2029,8,202908
20290225,2029,9,202909
20290226,2029,9,202909
20290227,2029,9,202909
20290228,2029,9,202909
20290301,2029,9,202909
20290302,2029,9,202909
20290303,2029,9,202909
20290304,2029,10,202910
20290305,2029,10,202910
20290306,2029,10,202910
20290307,2029,10,202910
20290308,2029,10,202910
20290309,2029,10,202910
20290310,2029,10,202910
20290311,2029,11,202911
20290312,2029,11,202911
20290313,2029,11,202911
20290314,2029,11,202911
20290315,2029,11,202911
20290316,2029,11,202911
20290317,2029,11,202911
20290318,2029,12,202912
20290319,2029,12,202912
20290320,2029,12,202912
20290321,2029,12,202912
20290322,2029,12,202912
20290323,2029,12,202912
20290324,2029,12,202912
20290325,2029,13,202913
20290326,2029,13,202913
20290327,2029,13,202913
20290328,2029,13,202913
20290329,2029,13,202913
20290330,2029,13,202913
20290331,2029,13,202913
20290401,2029,14,202914
20290402,2029,14,202914
20290403,2029,14,202914
20290404,2029,14,202914
20290405,2029,14,202914
20290406,2029,14,202914
20290407,2029,14,202914
20290408,2029,15,202915
20290409,2029,15,202915
20290410,2029,15,202915
20290411,2029,15,202915
20290412,2029,15,202915
20290413,2029,15,202915
20290414,2029,15,202915
20290415,2029,16,202916
20290416,2029,16,202916
20290417,2029,16,202916
20290418,2029,16,202916
20290419,2029,16,202916
20290420,2029,16,202916
20290421,2029,16,202916
20290422,2029,17,202917
20290423,2029,17,202917
20290424,2029,17,202917
20290425,2029,17,202917
20290426,2029,17,202917
20290427,2029,17,202917
20290428,2029,17,202917
20290429,2029,18,202918
20290430,2029,18,202918
20290501,2029,18,202918
20290502,2029,18,202918
20290503,2029,18,202918
20290504,2029,18,202918
20290505,2029,18,202918
20290506,2029,19,202919
20290507,2029,19,202919
20290508,2029,19,202919
20290509,2029,19,202919
20290510,2029,19,202919
20290511,2029,19,202919
20290512,2029,19,202919
20290513,2029,20,202920
20290514,2029,20,202920
20290515,2029,20,202920
20290516,2029,20,202920
20290517,2029,20,202920
20290518,2029,20,202920
20290519,2029,20,202920
20290520,2029,21,202921
20290521,2029,21,202921
20290522,2029,21,202921
20290523,2029,21,202921
20290524,2029,21,202921
20290525,2029,21,202921
20290526,2029,21,202921
20290527,2029,22,202922
20290528,2029,22,202922
20290529,2029,22,202922
20290530,2029,22,202922
20290531,2029,22,202922
20290601,2029,22,202922
20290602,2029,22,202922
20290603,2029,23,202923
20290604,2029,23,202923
20290605,2029,23,202923
20290606,2029,23,202923
20290607,2029,23,202923
20290608,2029,23,202923
20290609,2029,23,202923
20290610,2029,24,202924
20290611,2029,24,202924
20290612,2029,24,202924
20290613,2029,24,202924
20290614,2029,24,202924
20290615,2029,24,202924
20290616,2029,24,202924
20290617,2029,25,202925
20290618,2029,25,202925
20290619,2029,25,202925
20290620,2029,25,202925
20290621,2029,25,202925
20290622,2029,25,202925
20290623,2029,25,202925
20290624,2029,26,202926
20290625,2029,26,202926
20290626,2029,26,202926
20290627,2029,26,202926
20290628,2029,26,202926
20290629,2029,26,202926
20290630,2029,26,202926
20290701,2029,27,202927
20290702,2029,27,202927
20290703,2029,27,202927
20290704,2029,27,202927
20290705,2029,27,202927
20290706,2029,27,202927
20290707,2029,27,202927
20290708,2029,28,202928
20290709,2029,28,202928
20290710,2029,28,202928
20290711,2029,28,202928
20290712,2029,28,202928
20290713,2029,28,202928
20290714,2029,28,202928
20290715,2029,29,202929
20290716,2029,29,202929
20290717,2029,29,202929
20290718,2029,29,202929
20290719,2029,29,202929
20290720,2029,29,202929
20290721,2029,29,202929
20290722,2029,30,202930
20290723,2029,30,202930
20290724,2029,30,202930
20290725,2029,30,202930
20290726,2029,30,202930
20290727,2029,30,202930
20290728,2029,30,202930
20290729,2029,31,202931
20290730,2029,31,202931
20290731,2029,31,202931
20290801,2029,31,202931
20290802,2029,31,202931
20290803,2029,31,202931
20290804,2029,31,202931
20290805,2029,32,202932
20290806,2029,32,202932
20290807,2029,32,202932
20290808,2029,32,202932
20290809,2029,32,202932
20290810,2029,32,202932
20290811,2029,32,202932
20290812,2029,33,202933
20290813,2029,33,202933
20290814,2029,33,202933
20290815,2029,33,202933
20290816,2029,33,202933
20290817,2029,33,202933
20290818,2029,33,202933
20290819,2029,34,202934
20290820,2029,34,202934
20290821,2029,34,202934
20290822,2029,34,202934
20290823,2029,34,202934
20290824,2029,34,202934
20290825,2029,34,202934
20290826,2029,35,202935
20290827,2029,35,202935
20290828,2029,35,202935
20290829,2029,35,202935
20290830,2029,35,202935
20290831,2029,35,202935
20290901,2029,35,202935
20290902,2029,36,202936
20290903,2029,36,202936
20290904,2029,36,202936
20290905,2029,36,202936
20290906,2029,36,202936
20290907,2029,36,202936
20290908,2029,36,202936
20290909,2029,37,202937
20290910,2029,37,202937
20290911,2029,37,202937
20290912,2029,37,202937
20290913,2029,37,202937
20290914,2029,37,202937
20290915,2029,37,202937
20290916,2029,38,202938
20290917,2029,38,202938
20290918,2029,38,202938
20290919,2029,38,202938
20290920,2029,38,202938
20290921,2029,38,202938
20290922,2029,38,202938
20290923,2029,39,202939
20290924,2029,39,202939
20290925,2029,39,202939
20290926,2029,39,202939
20290927,2029,39,202939
20290928,2029,39,202939
20290929,2029,39,202939
20290930,2029,40,202940
20291001,2029,40,202940
20291002,2029,40,202940
20291003,2029,40,202940
20291004,2029,40,202940
20291005,2029,40,202940
20291006,2029,40,202940
20291007,2029,41,202941
20291008,2029,41,202941
20291009,2029,41,202941
20291010,2029,41,202941
20291011,2029,41,202941
20291012,2029,41,202941
20291013,2029,41,202941
20291014,2029,42,202942
20291015,2029,42,202942
20291016,2029,42,202942
20291017,2029,42,202942
20291018,2029,42,202942
20291019,2029,42,202942
20291020,2029,42,202942
20291021,2029,43,202943
20291022,2029,43,202943
20291023,2029,43,202943
20291024,2029,43,202943
20291025,2029,43,202943
20291026,2029,43,202943
20291027,2029,43,202943
20291028,2029,44,202944
20291029,2029,44,202944
20291030,2029,44,202944
20291031,2029,44,202944
20291101,2029,44,202944
20291102,2029,44,202944
20291103,2029,44,202944
20291104,2029,45,202945
20291105,2029,45,202945
20291106,2029,45,202945
20291107,2029,45,202945
20291108,2029,45,202945
20291109,2029,45,202945
20291110,2029,45,202945
20291111,2029,46,202946
20291112,2029,46,202946
20291113,2029,46,202946
20291114,2029,46,202946
20291115,2029,46,202946
20291116,2029,46,202946
20291117,2029,46,202946
20291118,2029,47,202947
20291119,2029,47,202947
20291120,2029,47,202947
20291121,2029,47,202947
20291122,2029,47,202947
20291123,2029,47,202947
20291124,2029,47,202947
20291125,2029,48,202948
20291126,2029,48,202948
20291127,2029,48,202948
20291128,2029,48,202948
20291129,2029,48,202948
20291130,2029,48,202948
20291201,2029,48,202948
20291202,2029,49,202949
20291203,2029,49,202949
20291204,2029,49,202949
20291205,2029,49,202949
20291206,2029,49,202949
20291207,2029,49,202949
20291208,2029,49,202949
20291209,2029,50,202950
20291210,2029,50,202950
20291211,2029,50,202950
20291212,2029,50,202950
20291213,2029,50,202950
20291214,2029,50,202950
20291215,2029,50,202950
20291216,2029,51,202951
20291217,2029,51,202951
20291218,2029,51,202951
20291219,2029,51,202951
20291220,2029,51,202951
20291221,2029,51,202951
20291222,2029,51,202951
20291223,2029,52,202952
20291224,2029,52,202952
20291225,2029,52,202952
20291226,2029,52,202952
20291227,2029,52,202952
20291228,2029,52,202952
20291229,2029,52,202952
20291230,2030,1,203001
20291231,2030,1,203001
20300101,2030,1,203001
20300102,2030,1,203001
20300103,2030,1,203001
20300104,2030,1,203001
20300105,2030,1,203001
20300106,2030,2,203002
20300107,2030,2,203002
20300108,2030,2,203002
20300109,2030,2,203002
20300110,2030,2,203002
20300111,2030,2,203002
20300112,2030,2,203002
20300113,2030,3,203003
20300114,2030,3,203003
20300115,2030,3,203003
20300116,2030,3,203003
20300117,2030,3,203003
20300118,2030,3,203003
20300119,2030,3,203003
20300120,2030,4,203004
20300121,2030,4,203004
20300122,2030,4,203004
20300123,2030,4,203004
20300124,2030,4,203004
20300125,2030,4,203004
20300126,2030,4,203004
20300127,2030,5,203005
20300128,2030,5,203005
20300129,2030,5,203005
20300130,2030,5,203005
20300131,2030,5,203005
20300201,2030,5,203005
20300202,2030,5,203005
20300203,2030,6,203006
20300204,2030,6,203006
20300205,2030,6,203006
20300206,2030,6,203006
20300207,2030,6,203006
20300208,2030,6,203006
20300209,2030,6,203006
20300210,2030,7,203007
20300211,2030,7,203007
20300212,2030,7,203007
20300213,2030,7,203007
20300214,2030,7,203007
20300215,2030,7,203007
20300216,2030,7,203007
20300217,2030,8,203008
20300218,2030,8,203008
20300219,2030,8,203008
20300220,2030,8,203008
20300221,2030,8,203008
20300222,2030,8,203008
20300223,2030,8,203008
20300224,2030,9,203009
20300225,2030,9,203009
20300226,2030,9,203009
20300227,2030,9,203009
20300228,2030,9,203009
20300301,2030,9,203009
20300302,2030,9,203009
20300303,2030,10,203010
20300304,2030,10,203010
20300305,2030,10,203010
20300306,2030,10,203010
20300307,2030,10,203010
20300308,2030,10,203010
20300309,2030,10,203010
20300310,2030,11,203011
20300311,2030,11,203011
20300312,2030,11,203011
20300313,2030,11,203011
20300314,2030,11,203011
20300315,2030,11,203011
20300316,2030,11,203011
20300317,2030,12,203012
20300318,2030,12,203012
20300319,2030,12,203012
20300320,2030,12,203012
20300321,2030,12,203012
20300322,2030,12,203012
20300323,2030,12,203012
20300324,2030,13,203013
20300325,2030,13,203013
20300326,2030,13,203013
20300327,2030,13,203013
20300328,2030,13,203013
20300329,2030,13,203013
20300330,2030,13,203013
20300331,2030,14,203014
20300401,2030,14,203014
20300402,2030,14,203014
20300403,2030,14,203014
20300404,2030,14,203014
20300405,2030,14,203014
20300406,2030,14,203014
20300407,2030,15,203015
20300408,2030,15,203015
20300409,2030,15,203015
20300410,2030,15,203015
20300411,2030,15,203015
20300412,2030,15,203015
20300413,2030,15,203015
20300414,2030,16,203016
20300415,2030,16,203016
20300416,2030,16,203016
20300417,2030,16,203016
20300418,2030,16,203016
20300419,2030,16,203016
20300420,2030,16,203016
20300421,2030,17,203017
20300422,2030,17,203017
20300423,2030,17,203017
20300424,2030,17,203017
20300425,2030,17,203017
20300426,2030,17,203017
20300427,2030,17,203017
20300428,2030,18,203018
20300429,2030,18,203018
20300430,2030,18,203018
20300501,2030,18,203018
20300502,2030,18,203018
20300503,2030,18,203018
20300504,2030,18,203018
20300505,2030,19,203019
20300506,2030,19,203019
20300507,2030,19,203019
20300508,2030,19,203019
20300509,2030,19,203019
20300510,2030,19,203019
20300511,2030,19,203019
20300512,2030,20,203020
20300513,2030,20,203020
20300514,2030,20,203020
20300515,2030,20,203020
20300516,2030,20,203020
20300517,2030,20,203020
20300518,2030,20,203020
20300519,2030,21,203021
20300520,2030,21,203021
20300521,2030,21,203021
20300522,2030,21,203021
20300523,2030,21,203021
20300524,2030,21,203021
20300525,2030,21,203021
20300526,2030,22,203022
20300527,2030,22,203022
20300528,2030,22,203022
20300529,2030,22,203022
20300530,2030,22,203022
20300531,2030,22,203022
20300601,2030,22,203022
20300602,2030,23,203023
20300603,2030,23,203023
20300604,2030,23,203023
20300605,2030,23,203023
20300606,2030,23,203023
20300607,2030,23,203023
20300608,2030,23,203023
20300609,2030,24,203024
20300610,2030,24,203024
20300611,2030,24,203024
20300612,2030,24,203024
20300613,2030,24,203024
20300614,2030,24,203024
20300615,2030,24,203024
20300616,2030,25,203025
20300617,2030,25,203025
20300618,2030,25,203025
20300619,2030,25,203025
20300620,2030,25,203025
20300621,2030,25,203025
20300622,2030,25,203025
20300623,2030,26,203026
20300624,2030,26,203026
20300625,2030,26,203026
20300626,2030,26,203026
20300627,2030,26,203026
20300628,2030,26,203026
20300629,2030,26,203026
20300630,2030,27,203027
20300701,2030,27,203027
20300702,2030,27,203027
20300703,2030,27,203027
20300704,2030,27,203027
20300705,2030,27,203027
20300706,2030,27,203027
20300707,2030,28,203028
20300708,2030,28,203028
20300709,2030,28,203028
20300710,2030,28,203028
20300711,2030,28,203028
20300712,2030,28,203028
20300713,2030,28,203028
20300714,2030,29,203029
20300715,2030,29,203029
20300716,2030,29,203029
20300717,2030,29,203029
20300718,2030,29,203029
20300719,2030,29,203029
20300720,2030,29,203029
20300721,2030,30,203030
20300722,2030,30,203030
20300723,2030,30,203030
20300724,2030,30,203030
20300725,2030,30,203030
20300726,2030,30,203030
20300727,2030,30,203030
20300728,2030,31,203031
20300729,2030,31,203031
20300730,2030,31,203031
20300731,2030,31,203031
20300801,2030,31,203031
20300802,2030,31,203031
20300803,2030,31,203031
20300804,2030,32,203032
20300805,2030,32,203032
20300806,2030,32,203032
20300807,2030,32,203032
20300808,2030,32,203032
20300809,2030,32,203032
20300810,2030,32,203032
20300811,2030,33,203033
20300812,2030,33,203033
20300813,2030,33,203033
20300814,2030,33,203033
20300815,2030,33,203033
20300816,2030,33,203033
20300817,2030,33,203033
20300818,2030,34,203034
20300819,2030,34,203034
20300820,2030,34,203034
20300821,2030,34,203034
20300822,2030,34,203034
20300823,2030,34,203034
20300824,2030,34,203034
20300825,2030,35,203035
20300826,2030,35,203035
20300827,2030,35,203035
20300828,2030,35,203035
20300829,2030,35,203035
20300830,2030,35,203035
20300831,2030,35,203035
20300901,2030,36,203036
20300902,2030,36,203036
20300903,2030,36,203036
20300904,2030,36,203036
20300905,2030,36,203036
20300906,2030,36,203036
20300907,2030,36,203036
20300908,2030,37,203037
20300909,2030,37,203037
20300910,2030,37,203037
20300911,2030,37,203037
20300912,2030,37,203037
20300913,2030,37,203037
20300914,2030,37,203037
20300915,2030,38,203038
20300916,2030,38,203038
20300917,2030,38,203038
20300918,2030,38,203038
20300919,2030,38,203038
20300920,2030,38,203038
20300921,2030,38,203038
20300922,2030,39,203039
20300923,2030,39,203039
20300924,2030,39,203039
20300925,2030,39,203039
20300926,2030,39,203039
20300927,2030,39,203039
20300928,2030,39,203039
20300929,2030,40,203040
20300930,2030,40,203040
20301001,2030,40,203040
20301002,2030,40,203040
20301003,2030,40,203040
20301004,2030,40,203040
20301005,2030,40,203040
20301006,2030,41,203041
20301007,2030,41,203041
20301008,2030,41,203041
20301009,2030,41,203041
20301010,2030,41,203041
20301011,2030,41,203041
20301012,2030,41,203041
20301013,2030,42,203042
20301014,2030,42,203042
20301015,2030,42,203042
20301016,2030,42,203042
20301017,2030,42,203042
20301018,2030,42,203042
20301019,2030,42,203042
20301020,2030,43,203043
20301021,2030,43,203043
20301022,2030,43,203043
20301023,2030,43,203043
20301024,2030,43,203043
20301025,2030,43,203043
20301026,2030,43,203043
20301027,2030,44,203044
20301028,2030,44,203044
20301029,2030,44,203044
20301030,2030,44,203044
20301031,2030,44,203044
20301101,2030,44,203044
20301102,2030,44,203044
20301103,2030,45,203045
20301104,2030,45,203045
20301105,2030,45,203045
20301106,2030,45,203045
20301107,2030,45,203045
20301108,2030,45,203045
20301109,2030,45,203045
20301110,2030,46,203046
20301111,2030,46,203046
20301112,2030,46,203046
20301113,2030,46,203046
20301114,2030,46,203046
20301115,2030,46,203046
20301116,2030,46,203046
20301117,2030,47,203047
20301118,2030,47,203047
20301119,2030,47,203047
20301120,2030,47,203047
20301121,2030,47,203047
20301122,2030,47,203047
20301123,2030,47,203047
20301124,2030,48,203048
20301125,2030,48,203048
20301126,2030,48,203048
20301127,2030,48,203048
20301128,2030,48,203048
20301129,2030,48,203048
20301130,2030,48,203048
20301201,2030,49,203049
20301202,2030,49,203049
20301203,2030,49,203049
20301204,2030,49,203049
20301205,2030,49,203049
20301206,2030,49,203049
20301207,2030,49,203049
20301208,2030,50,203050
20301209,2030,50,203050
20301210,2030,50,203050
20301211,2030,50,203050
20301212,2030,50,203050
20301213,2030,50,203050
20301214,2030,50,203050
20301215,2030,51,203051
20301216,2030,51,203051
20301217,2030,51,203051
20301218,2030,51,203051
20301219,2030,51,203051
20301220,2030,51,203051
20301221,2030,51,203051
20301222,2030,52,203052
20301223,2030,52,203052
20301224,2030,52,203052
20301225,2030,52,203052
20301226,2030,52,203052
20301227,2030,52,203052
20301228,2030,52,203052
20301229,2031,1,203101
20301230,2031,1,203101
20301231,2031,1,203101
20310101,2031,1,203101
20310102,2031,1,203101
20310103,2031,1,203101
20310104,2031,1,203101
20310105,2031,2,203102
20310106,2031,2,203102
20310107,2031,2,203102
20310108,2031,2,203102
20310109,2031,2,203102
20310110,2031,2,203102
20310111,2031,2,203102
20310112,2031,3,203103
20310113,2031,3,203103
20310114,2031,3,203103
20310115,2031,3,203103
20310116,2031,3,203103
20310117,2031,3,203103
20310118,2031,3,203103
20310119,2031,4,203104
20310120,2031,4,203104
20310121,2031,4,203104
20310122,2031,4,203104
20310123,2031,4,203104
20310124,2031,4,203104
20310125,2031,4,203104
20310126,2031,5,203105
20310127,2031,5,203105
20310128,2031,5,203105
20310129,2031,5,203105
20310130,2031,5,203105
20310131,2031,5,203105
20310201,2031,5,203105
20310202,2031,6,203106
20310203,2031,6,203106
20310204,2031,6,203106
20310205,2031,6,203106
20310206,2031,6,203106
20310207,2031,6,203106
20310208,2031,6,203106
20310209,2031,7,203107
20310210,2031,7,203107
20310211,2031,7,203107
20310212,2031,7,203107
20310213,2031,7,203107
20310214,2031,7,203107
20310215,2031,7,203107
20310216,2031,8,203108
20310217,2031,8,203108
20310218,2031,8,203108
20310219,2031,8,203108
20310220,2031,8,203108
20310221,2031,8,203108
20310222,2031,8,203108
20310223,2031,9,203109
20310224,2031,9,203109
20310225,2031,9,203109
20310226,2031,9,203109
20310227,2031,9,203109
20310228,2031,9,203109
20310301,2031,9,203109
20310302,2031,10,203110
20310303,2031,10,203110
20310304,2031,10,203110
20310305,2031,10,203110
20310306,2031,10,203110
20310307,2031,10,203110
20310308,2031,10,203110
20310309,2031,11,203111
20310310,2031,11,203111
20310311,2031,11,203111
20310312,2031,11,203111
20310313,2031,11,203111
20310314,2031,11,203111
20310315,2031,11,203111
20310316,2031,12,203112
20310317,2031,12,203112
20310318,2031,12,203112
20310319,2031,12,203112
20310320,2031,12,203112
20310321,2031,12,203112
20310322,2031,12,203112
20310323,2031,13,203113
20310324,2031,13,203113
20310325,2031,13,203113
20310326,2031,13,203113
20310327,2031,13,203113
20310328,2031,13,203113
20310329,2031,13,203113
20310330,2031,14,203114
20310331,2031,14,203114
20310401,2031,14,203114
20310402,2031,14,203114
20310403,2031,14,203114
20310404,2031,14,203114
20310405,2031,14,203114
20310406,2031,15,203115
20310407,2031,15,203115
20310408,2031,15,203115
20310409,2031,15,203115
20310410,2031,15,203115
20310411,2031,15,203115
20310412,2031,15,203115
20310413,2031,16,203116
20310414,2031,16,203116
20310415,2031,16,203116
20310416,2031,16,203116
20310417,2031,16,203116
20310418,2031,16,203116
20310419,2031,16,203116
20310420,2031,17,203117
20310421,2031,17,203117
20310422,2031,17,203117
20310423,2031,17,203117
20310424,2031,17,203117
20310425,2031,17,203117
20310426,2031,17,203117
20310427,2031,18,203118
20310428,2031,18,203118
20310429,2031,18,203118
20310430,2031,18,203118
20310501,2031,18,203118
20310502,2031,18,203118
20310503,2031,18,203118
20310504,2031,19,203119
20310505,2031,19,203119
20310506,2031,19,203119
20310507,2031,19,203119
20310508,2031,19,203119
20310509,2031,19,203119
20310510,2031,19,203119
20310511,2031,20,203120
20310512,2031,20,203120
20310513,2031,20,203120
20310514,2031,20,203120
20310515,2031,20,203120
20310516,2031,20,203120
20310517,2031,20,203120
20310518,2031,21,203121
20310519,2031,21,203121
20310520,2031,21,203121
20310521,2031,21,203121
20310522,2031,21,203121
20310523,2031,21,203121
20310524,2031,21,203121
20310525,2031,22,203122
20310526,2031,22,203122
20310527,2031,22,203122
20310528,2031,22,203122
20310529,2031,22,203122
20310530,2031,22,203122
20310531,2031,22,203122
20310601,2031,23,203123
20310602,2031,23,203123
20310603,2031,23,203123
20310604,2031,23,203123
20310605,2031,23,203123
20310606,2031,23,203123
20310607,2031,23,203123
20310608,2031,24,203124
20310609,2031,24,203124
20310610,2031,24,203124
20310611,2031,24,203124
20310612,2031,24,203124
20310613,2031,24,203124
20310614,2031,24,203124
20310615,2031,25,203125
20310616,2031,25,203125
20310617,2031,25,203125
20310618,2031,25,203125
20310619,2031,25,203125
20310620,2031,25,203125
20310621,2031,25,203125
20310622,2031,26,203126
20310623,2031,26,203126
20310624,2031,26,203126
20310625,2031,26,203126
20310626,2031,26,203126
20310627,2031,26,203126
20310628,2031,26,203126
20310629,2031,27,203127
20310630,2031,27,203127
20310701,2031,27,203127
20310702,2031,27,203127
20310703,2031,27,203127
20310704,2031,27,203127
20310705,2031,27,203127
20310706,2031,28,203128
20310707,2031,28,203128
20310708,2031,28,203128
20310709,2031,28,203128
20310710,2031,28,203128
20310711,2031,28,203128
20310712,2031,28,203128
20310713,2031,29,203129
20310714,2031,29,203129
20310715,2031,29,203129
20310716,2031,29,203129
20310717,2031,29,203129
20310718,2031,29,203129
20310719,2031,29,203129
20310720,2031,30,203130
20310721,2031,30,203130
20310722,2031,30,203130
20310723,2031,30,203130
20310724,2031,30,203130
20310725,2031,30,203130
20310726,2031,30,203130
20310727,2031,31,203131
20310728,2031,31,203131
20310729,2031,31,203131
20310730,2031,31,203131
20310731,2031,31,203131
20310801,2031,31,203131
20310802,2031,31,203131
20310803,2031,32,203132
20310804,2031,32,203132
20310805,2031,32,203132
20310806,2031,32,203132
20310807,2031,32,203132
20310808,2031,32,203132
20310809,2031,32,203132
20310810,2031,33,203133
20310811,2031,33,203133
20310812,2031,33,203133
20310813,2031,33,203133
20310814,2031,33,203133
20310815,2031,33,203133
20310816,2031,33,203133
20310817,2031,34,203134
20310818,2031,34,203134
20310819,2031,34,203134
20310820,2031,34,203134
20310821,2031,34,203134
20310822,2031,34,203134
20310823,2031,34,203134
20310824,2031,35,203135
20310825,2031,35,203135
20310826,2031,35,203135
20310827,2031,35,203135
20310828,2031,35,203135
20310829,2031,35,203135
20310830,2031,35,203135
20310831,2031,36,203136
20310901,2031,36,203136
20310902,2031,36,203136
20310903,2031,36,203136
20310904,2031,36,203136
20310905,2031,36,203136
20310906,2031,36,203136
20310907,2031,37,203137
20310908,2031,37,203137
20310909,2031,37,203137
20310910,2031,37,203137
20310911,2031,37,203137
20310912,2031,37,203137
20310913,2031,37,203137
20310914,2031,38,203138
20310915,2031,38,203138
20310916,2031,38,203138
20310917,2031,38,203138
20310918,2031,38,203138
20310919,2031,38,203138
20310920,2031,38,203138
20310921,2031,39,203139
20310922,2031,39,203139
20310923,2031,39,203139
20310924,2031,39,203139
20310925,2031,39,203139
20310926,2031,39,203139
20310927,2031,39,203139
20310928,2031,40,203140
20310929,2031,40,203140
20310930,2031,40,203140
20311001,2031,40,203140
20311002,2031,40,203140
20311003,2031,40,203140
20311004,2031,40,203140
20311005,2031,41,203141
20311006,2031,41,203141
20311007,2031,41,203141
20311008,2031,41,203141
20311009,2031,41,203141
20311010,2031,41,203141
20311011,2031,41,203141
20311012,2031,42,203142
20311013,2031,42,203142
20311014,2031,42,203142
20311015,2031,42,203142
20311016,2031,42,203142
20311017,2031,42,203142
20311018,2031,42,203142
20311019,2031,43,203143
20311020,2031,43,203143
20311021,2031,43,203143
20311022,2031,43,203143
20311023,2031,43,203143
20311024,2031,43,203143
20311025,2031,43,203143
20311026,2031,44,203144
20311027,2031,44,203144
20311028,2031,44,203144
20311029,2031,44,203144
20311030,2031,44,203144
20311031,2031,44,203144
20311101,2031,44,203144
20311102,2031,45,203145
20311103,2031,45,203145
20311104,2031,45,203145
20311105,2031,45,203145
20311106,2031,45,203145
20311107,2031,45,203145
20311108,2031,45,203145
20311109,2031,46,203146
20311110,2031,46,203146
20311111,2031,46,203146
20311112,2031,46,203146
20311113,2031,46,203146
20311114,2031,46,203146
20311115,2031,46,203146
20311116,2031,47,203147
20311117,2031,47,203147
20311118,2031,47,203147
20311119,2031,47,203147
20311120,2031,47,203147
20311121,2031,47,203147
20311122,2031,47,203147
20311123,2031,48,203148
20311124,2031,48,203148
20311125,2031,48,203148
20311126,2031,48,203148
20311127,2031,48,203148
20311128,2031,48,203148
20311129,2031,48,203148
20311130,2031,49,203149
20311201,2031,49,203149
20311202,2031,49,203149
20311203,2031,49,203149
20311204,2031,49,203149
20311205,2031,49,203149
20311206,2031,49,203149
20311207,2031,50,203150
20311208,2031,50,203150
20311209,2031,50,203150
20311210,2031,50,203150
20311211,2031,50,203150
20311212,2031,50,203150
20311213,2031,50,203150
20311214,2031,51,203151
20311215,2031,51,203151
20311216,2031,51,203151
20311217,2031,51,203151
20311218,2031,51,203151
20311219,2031,51,203151
20311220,2031,51,203151
20311221,2031,52,203152
20311222,2031,52,203152
20311223,2031,52,203152
20311224,2031,52,203152
20311225,2031,52,203152
20311226,2031,52,203152
20311227,2031,52,203152
20311228,2031,53,203153
20311229,2031,53,203153
20311230,2031,53,203153
20311231,2031,53,203153
20320101,2031,53,203153
20320102,2031,53,203153
20320103,2031,53,203153
20320104,2032,1,203201
20320105,2032,1,203201
20320106,2032,1,203201
20320107,2032,1,203201
20320108,2032,1,203201
20320109,2032,1,203201
20320110,2032,1,203201
20320111,2032,2,203202
20320112,2032,2,203202
20320113,2032,2,203202
20320114,2032,2,203202
20320115,2032,2,203202
20320116,2032,2,203202
20320117,2032,2,203202
20320118,2032,3,203203
20320119,2032,3,203203
20320120,2032,3,203203
20320121,2032,3,203203
20320122,2032,3,203203
20320123,2032,3,203203
20320124,2032,3,203203
20320125,2032,4,203204
20320126,2032,4,203204
20320127,2032,4,203204
20320128,2032,4,203204
20320129,2032,4,203204
20320130,2032,4,203204
20320131,2032,4,203204
20320201,2032,5,203205
20320202,2032,5,203205
20320203,2032,5,203205
20320204,2032,5,203205
20320205,2032,5,203205
20320206,2032,5,203205
20320207,2032,5,203205
20320208,2032,6,203206
20320209,2032,6,203206
20320210,2032,6,203206
20320211,2032,6,203206
20320212,2032,6,203206
20320213,2032,6,203206
20320214,2032,6,203206
20320215,2032,7,203207
20320216,2032,7,203207
20320217,2032,7,203207
20320218,2032,7,203207
20320219,2032,7,203207
20320220,2032,7,203207
20320221,2032,7,203207
20320222,2032,8,203208
20320223,2032,8,203208
20320224,2032,8,203208
20320225,2032,8,203208
20320226,2032,8,203208
20320227,2032,8,203208
20320228,2032,8,203208
20320229,2032,9,203209
20320301,2032,9,203209
20320302,2032,9,203209
20320303,2032,9,203209
20320304,2032,9,203209
20320305,2032,9,203209
20320306,2032,9,203209
20320307,2032,10,203210
20320308,2032,10,203210
20320309,2032,10,203210
20320310,2032,10,203210
20320311,2032,10,203210
20320312,2032,10,203210
20320313,2032,10,203210
20320314,2032,11,203211
20320315,2032,11,203211
20320316,2032,11,203211
20320317,2032,11,203211
20320318,2032,11,203211
20320319,2032,11,203211
20320320,2032,11,203211
20320321,2032,12,203212
20320322,2032,12,203212
20320323,2032,12,203212
20320324,2032,12,203212
20320325,2032,12,203212
20320326,2032,12,203212
20320327,2032,12,203212
20320328,2032,13,203213
20320329,2032,13,203213
20320330,2032,13,203213
20320331,2032,13,203213
20320401,2032,13,203213
20320402,2032,13,203213
20320403,2032,13,203213
20320404,2032,14,203214
20320405,2032,14,203214
20320406,2032,14,203214
20320407,2032,14,203214
20320408,2032,14,203214
20320409,2032,14,203214
20320410,2032,14,203214
20320411,2032,15,203215
20320412,2032,15,203215
20320413,2032,15,203215
20320414,2032,15,203215
20320415,2032,15,203215
20320416,2032,15,203215
20320417,2032,15,203215
20320418,2032,16,203216
20320419,2032,16,203216
20320420,2032,16,203216
20320421,2032,16,203216
20320422,2032,16,203216
20320423,2032,16,203216
20320424,2032,16,203216
20320425,2032,17,203217
20320426,2032,17,203217
20320427,2032,17,203217
20320428,2032,17,203217
20320429,2032,17,203217
20320430,2032,17,203217
20320501,2032,17,203217
20320502,2032,18,203218
20320503,2032,18,203218
20320504,2032,18,203218
20320505,2032,18,203218
20320506,2032,18,203218
20320507,2032,18,203218
20320508,2032,18,203218
20320509,2032,19,203219
20320510,2032,19,203219
20320511,2032,19,203219
20320512,2032,19,203219
20320513,2032,19,203219
20320514,2032,19,203219
20320515,2032,19,203219
20320516,2032,20,203220
20320517,2032,20,203220
20320518,2032,20,203220
20320519,2032,20,203220
20320520,2032,20,203220
20320521,2032,20,203220
20320522,2032,20,203220
20320523,2032,21,203221
20320524,2032,21,203221
20320525,2032,21,203221
20320526,2032,21,203221
20320527,2032,21,203221
20320528,2032,21,203221
20320529,2032,21,203221
20320530,2032,22,203222
20320531,2032,22,203222
20320601,2032,22,203222
20320602,2032,22,203222
20320603,2032,22,203222
20320604,2032,22,203222
20320605,2032,22,203222
20320606,2032,23,203223
20320607,2032,23,203223
20320608,2032,23,203223
20320609,2032,23,203223
20320610,2032,23,203223
20320611,2032,23,203223
20320612,2032,23,203223
20320613,2032,24,203224
20320614,2032,24,203224
20320615,2032,24,203224
20320616,2032,24,203224
20320617,2032,24,203224
20320618,2032,24,203224
20320619,2032,24,203224
20320620,2032,25,203225
20320621,2032,25,203225
20320622,2032,25,203225
20320623,2032,25,203225
20320624,2032,25,203225
20320625,2032,25,203225
20320626,2032,25,203225
20320627,2032,26,203226
20320628,2032,26,203226
20320629,2032,26,203226
20320630,2032,26,203226
20320701,2032,26,203226
20320702,2032,26,203226
20320703,2032,26,203226
20320704,2032,27,203227
20320705,2032,27,203227
20320706,2032,27,203227
20320707,2032,27,203227
20320708,2032,27,203227
20320709,2032,27,203227
20320710,2032,27,203227
20320711,2032,28,203228
20320712,2032,28,203228
20320713,2032,28,203228
20320714,2032,28,203228
20320715,2032,28,203228
20320716,2032,28,203228
20320717,2032,28,203228
20320718,2032,29,203229
20320719,2032,29,203229
20320720,2032,29,203229
20320721,2032,29,203229
20320722,2032,29,203229
20320723,2032,29,203229
20320724,2032,29,203229
20320725,2032,30,203230
20320726,2032,30,203230
20320727,2032,30,203230
20320728,2032,30,203230
20320729,2032,30,203230
20320730,2032,30,203230
20320731,2032,30,203230
20320801,2032,31,203231
20320802,2032,31,203231
20320803,2032,31,203231
20320804,2032,31,203231
20320805,2032,31,203231
20320806,2032,31,203231
20320807,2032,31,203231
20320808,2032,32,203232
20320809,2032,32,203232
20320810,2032,32,203232
20320811,2032,32,203232
20320812,2032,32,203232
20320813,2032,32,203232
20320814,2032,32,203232
20320815,2032,33,203233
20320816,2032,33,203233
20320817,2032,33,203233
20320818,2032,33,203233
20320819,2032,33,203233
20320820,2032,33,203233
20320821,2032,33,203233
20320822,2032,34,203234
20320823,2032,34,203234
20320824,2032,34,203234
20320825,2032,34,203234
20320826,2032,34,203234
20320827,2032,34,203234
20320828,2032,34,203234
20320829,2032,35,203235
20320830,2032,35,203235
20320831,2032,35,203235
20320901,2032,35,203235
20320902,2032,35,203235
20320903,2032,35,203235
20320904,2032,35,203235
20320905,2032,36,203236
20320906,2032,36,203236
20320907,2032,36,203236
20320908,2032,36,203236
20320909,2032,36,203236
20320910,2032,36,203236
20320911,2032,36,203236
20320912,2032,37,203237
20320913,2032,37,203237
20320914,2032,37,203237
20320915,2032,37,203237
20320916,2032,37,203237
20320917,2032,37,203237
20320918,2032,37,203237
20320919,2032,38,203238
20320920,2032,38,203238
20320921,2032,38,203238
20320922,2032,38,203238
20320923,2032,38,203238
20320924,2032,38,203238
20320925,2032,38,203238
20320926,2032,39,203239
20320927,2032,39,203239
20320928,2032,39,203239
20320929,2032,39,203239
20320930,2032,39,203239
20321001,2032,39,203239
20321002,2032,39,203239
20321003,2032,40,203240
20321004,2032,40,203240
20321005,2032,40,203240
20321006,2032,40,203240
20321007,2032,40,203240
20321008,2032,40,203240
20321009,2032,40,203240
20321010,2032,41,203241
20321011,2032,41,203241
20321012,2032,41,203241
20321013,2032,41,203241
20321014,2032,41,203241
20321015,2032,41,203241
20321016,2032,41,203241
20321017,2032,42,203242
20321018,2032,42,203242
20321019,2032,42,203242
20321020,2032,42,203242
20321021,2032,42,203242
20321022,2032,42,203242
20321023,2032,42,203242
20321024,2032,43,203243
20321025,2032,43,203243
20321026,2032,43,203243
20321027,2032,43,203243
20321028,2032,43,203243
20321029,2032,43,203243
20321030,2032,43,203243
20321031,2032,44,203244
20321101,2032,44,203244
20321102,2032,44,203244
20321103,2032,44,203244
20321104,2032,44,203244
20321105,2032,44,203244
20321106,2032,44,203244
20321107,2032,45,203245
20321108,2032,45,203245
20321109,2032,45,203245
20321110,2032,45,203245
20321111,2032,45,203245
20321112,2032,45,203245
20321113,2032,45,203245
20321114,2032,46,203246
20321115,2032,46,203246
20321116,2032,46,203246
20321117,2032,46,203246
20321118,2032,46,203246
20321119,2032,46,203246
20321120,2032,46,203246
20321121,2032,47,203247
20321122,2032,47,203247
20321123,2032,47,203247
20321124,2032,47,203247
20321125,2032,47,203247
20321126,2032,47,203247
20321127,2032,47,203247
20321128,2032,48,203248
20321129,2032,48,203248
20321130,2032,48,203248
20321201,2032,48,203248
20321202,2032,48,203248
20321203,2032,48,203248
20321204,2032,48,203248
20321205,2032,49,203249
20321206,2032,49,203249
20321207,2032,49,203249
20321208,2032,49,203249
20321209,2032,49,203249
20321210,2032,49,203249
20321211,2032,49,203249
20321212,2032,50,203250
20321213,2032,50,203250
20321214,2032,50,203250
20321215,2032,50,203250
20321216,2032,50,203250
20321217,2032,50,203250
20321218,2032,50,203250
20321219,2032,51,203251
20321220,2032,51,203251
20321221,2032,51,203251
20321222,2032,51,203251
20321223,2032,51,203251
20321224,2032,51,203251
20321225,2032,51,203251
20321226,2032,52,203252
20321227,2032,52,203252
20321228,2032,52,203252
20321229,2032,52,203252
20321230,2032,52,203252
20321231,2032,52,203252
20330101,2032,52,203252
20330102,2033,1,203301
20330103,2033,1,203301
20330104,2033,1,203301
20330105,2033,1,203301
20330106,2033,1,203301
20330107,2033,1,203301
20330108,2033,1,203301
20330109,2033,2,203302
20330110,2033,2,203302
20330111,2033,2,203302
20330112,2033,2,203302
20330113,2033,2,203302
20330114,2033,2,203302
20330115,2033,2,203302
20330116,2033,3,203303
20330117,2033,3,203303
20330118,2033,3,203303
20330119,2033,3,203303
20330120,2033,3,203303
20330121,2033,3,203303
20330122,2033,3,203303
20330123,2033,4,203304
20330124,2033,4,203304
20330125,2033,4,203304
20330126,2033,4,203304
20330127,2033,4,203304
20330128,2033,4,203304
20330129,2033,4,203304
20330130,2033,5,203305
20330131,2033,5,203305
20330201,2033,5,203305
20330202,2033,5,203305
20330203,2033,5,203305
20330204,2033,5,203305
20330205,2033,5,203305
20330206,2033,6,203306
20330207,2033,6,203306
20330208,2033,6,203306
20330209,2033,6,203306
20330210,2033,6,203306
20330211,2033,6,203306
20330212,2033,6,203306
20330213,2033,7,203307
20330214,2033,7,203307
20330215,2033,7,203307
20330216,2033,7,203307
20330217,2033,7,203307
20330218,2033,7,203307
20330219,2033,7,203307
20330220,2033,8,203308
20330221,2033,8,203308
20330222,2033,8,203308
20330223,2033,8,203308
20330224,2033,8,203308
20330225,2033,8,203308
20330226,2033,8,203308
20330227,2033,9,203309
20330228,2033,9,203309
20330301,2033,9,203309
20330302,2033,9,203309
20330303,2033,9,203309
20330304,2033,9,203309
20330305,2033,9,203309
20330306,2033,10,203310
20330307,2033,10,203310
20330308,2033,10,203310
20330309,2033,10,203310
20330310,2033,10,203310
20330311,2033,10,203310
20330312,2033,10,203310
20330313,2033,11,203311
20330314,2033,11,203311
20330315,2033,11,203311
20330316,2033,11,203311
20330317,2033,11,203311
20330318,2033,11,203311
20330319,2033,11,203311
20330320,2033,12,203312
20330321,2033,12,203312
20330322,2033,12,203312
20330323,2033,12,203312
20330324,2033,12,203312
20330325,2033,12,203312
20330326,2033,12,203312
20330327,2033,13,203313
20330328,2033,13,203313
20330329,2033,13,203313
20330330,2033,13,203313
20330331,2033,13,203313
20330401,2033,13,203313
20330402,2033,13,203313
20330403,2033,14,203314
20330404,2033,14,203314
20330405,2033,14,203314
20330406,2033,14,203314
20330407,2033,14,203314
20330408,2033,14,203314
20330409,2033,14,203314
20330410,2033,15,203315
20330411,2033,15,203315
20330412,2033,15,203315
20330413,2033,15,203315
20330414,2033,15,203315
20330415,2033,15,203315
20330416,2033,15,203315
20330417,2033,16,203316
20330418,2033,16,203316
20330419,2033,16,203316
20330420,2033,16,203316
20330421,2033,16,203316
20330422,2033,16,203316
20330423,2033,16,203316
20330424,2033,17,203317
20330425,2033,17,203317
20330426,2033,17,203317
20330427,2033,17,203317
20330428,2033,17,203317
20330429,2033,17,203317
20330430,2033,17,203317
20330501,2033,18,203318
20330502,2033,18,203318
20330503,2033,18,203318
20330504,2033,18,203318
20330505,2033,18,203318
20330506,2033,18,203318
20330507,2033,18,203318
20330508,2033,19,203319
20330509,2033,19,203319
20330510,2033,19,203319
20330511,2033,19,203319
20330512,2033,19,203319
20330513,2033,19,203319
20330514,2033,19,203319
20330515,2033,20,203320
20330516,2033,20,203320
20330517,2033,20,203320
20330518,2033,20,203320
20330519,2033,20,203320
20330520,2033,20,203320
20330521,2033,20,203320
20330522,2033,21,203321
20330523,2033,21,203321
20330524,2033,21,203321
20330525,2033,21,203321
20330526,2033,21,203321
20330527,2033,21,203321
20330528,2033,21,203321
20330529,2033,22,203322
20330530,2033,22,203322
20330531,2033,22,203322
20330601,2033,22,203322
20330602,2033,22,203322
20330603,2033,22,203322
20330604,2033,22,203322
20330605,2033,23,203323
20330606,2033,23,203323
20330607,2033,23,203323
20330608,2033,23,203323
20330609,2033,23,203323
20330610,2033,23,203323
20330611,2033,23,203323
20330612,2033,24,203324
20330613,2033,24,203324
20330614,2033,24,203324
20330615,2033,24,203324
20330616,2033,24,203324
20330617,2033,24,203324
20330618,2033,24,203324
20330619,2033,25,203325
20330620,2033,25,203325
20330621,2033,25,203325
20330622,2033,25,203325
20330623,2033,25,203325
20330624,2033,25,203325
20330625,2033,25,203325
20330626,2033,26,203326
20330627,2033,26,203326
20330628,2033,26,203326
20330629,2033,26,203326
20330630,2033,26,203326
20330701,2033,26,203326
20330702,2033,26,203326
20330703,2033,27,203327
20330704,2033,27,203327
20330705,2033,27,203327
20330706,2033,27,203327
20330707,2033,27,203327
20330708,2033,27,203327
20330709,2033,27,203327
20330710,2033,28,203328
20330711,2033,28,203328
20330712,2033,28,203328
20330713,2033,28,203328
20330714,2033,28,203328
20330715,2033,28,203328
20330716,2033,28,203328
20330717,2033,29,203329
20330718,2033,29,203329
20330719,2033,29,203329
20330720,2033,29,203329
20330721,2033,29,203329
20330722,2033,29,203329
20330723,2033,29,203329
20330724,2033,30,203330
20330725,2033,30,203330
20330726,2033,30,203330
20330727,2033,30,203330
20330728,2033,30,203330
20330729,2033,30,203330
20330730,2033,30,203330
20330731,2033,31,203331
20330801,2033,31,203331
20330802,2033,31,203331
20330803,2033,31,203331
20330804,2033,31,203331
20330805,2033,31,203331
20330806,2033,31,203331
20330807,2033,32,203332
20330808,2033,32,203332
20330809,2033,32,203332
20330810,2033,32,203332
20330811,2033,32,203332
20330812,2033,32,203332
20330813,2033,32,203332
20330814,2033,33,203333
20330815,2033,33,203333
20330816,2033,33,203333
20330817,2033,33,203333
20330818,2033,33,203333
20330819,2033,33,203333
20330820,2033,33,203333
20330821,2033,34,203334
20330822,2033,34,203334
20330823,2033,34,203334
20330824,2033,34,203334
20330825,2033,34,203334
20330826,2033,34,203334
20330827,2033,34,203334
20330828,2033,35,203335
20330829,2033,35,203335
20330830,2033,35,203335
20330831,2033,35,203335
20330901,2033,35,203335
20330902,2033,35,203335
20330903,2033,35,203335
20330904,2033,36,203336
20330905,2033,36,203336
20330906,2033,36,203336
20330907,2033,36,203336
20330908,2033,36,203336
20330909,2033,36,203336
20330910,2033,36,203336
20330911,2033,37,203337
20330912,2033,37,203337
20330913,2033,37,203337
20330914,2033,37,203337
20330915,2033,37,203337
20330916,2033,37,203337
20330917,2033,37,203337
20330918,2033,38,203338
20330919,2033,38,203338
20330920,2033,38,203338
20330921,2033,38,203338
20330922,2033,38,203338
20330923,2033,38,203338
20330924,2033,38,203338
20330925,2033,39,203339
20330926,2033,39,203339
20330927,2033,39,203339
20330928,2033,39,203339
20330929,2033,39,203339
20330930,2033,39,203339
20331001,2033,39,203339
20331002,2033,40,203340
20331003,2033,40,203340
20331004,2033,40,203340
20331005,2033,40,203340
20331006,2033,40,203340
20331007,2033,40,203340
20331008,2033,40,203340
20331009,2033,41,203341
20331010,2033,41,203341
20331011,2033,41,203341
20331012,2033,41,203341
20331013,2033,41,203341
20331014,2033,41,203341
20331015,2033,41,203341
20331016,2033,42,203342
20331017,2033,42,203342
20331018,2033,42,203342
20331019,2033,42,203342
20331020,2033,42,203342
20331021,2033,42,203342
20331022,2033,42,203342
20331023,2033,43,203343
20331024,2033,43,203343
20331025,2033,43,203343
20331026,2033,43,203343
20331027,2033,43,203343
20331028,2033,43,203343
20331029,2033,43,203343
20331030,2033,44,203344
20331031,2033,44,203344
20331101,2033,44,203344
20331102,2033,44,203344
20331103,2033,44,203344
20331104,2033,44,203344
20331105,2033,44,203344
20331106,2033,45,203345
20331107,2033,45,203345
20331108,2033,45,203345
20331109,2033,45,203345
20331110,2033,45,203345
20331111,2033,45,203345
20331112,2033,45,203345
20331113,2033,46,203346
20331114,2033,46,203346
20331115,2033,46,203346
20331116,2033,46,203346
20331117,2033,46,203346
20331118,2033,46,203346
20331119,2033,46,203346
20331120,2033,47,203347
20331121,2033,47,203347
20331122,2033,47,203347
20331123,2033,47,203347
20331124,2033,47,203347
20331125,2033,47,203347
20331126,2033,47,203347
20331127,2033,48,203348
20331128,2033,48,203348
20331129,2033,48,203348
20331130,2033,48,203348
20331201,2033,48,203348
20331202,2033,48,203348
20331203,2033,48,203348
20331204,2033,49,203349
20331205,2033,49,203349
20331206,2033,49,203349
20331207,2033,49,203349
20331208,2033,49,203349
20331209,2033,49,203349
20331210,2033,49,203349
20331211,2033,50,203350
20331212,2033,50,203350
20331213,2033,50,203350
20331214,2033,50,203350
20331215,2033,50,203350
20331216,2033,50,203350
20331217,2033,50,203350
20331218,2033,51,203351
20331219,2033,51,203351
20331220,2033,51,203351
20331221,2033,51,203351
20331222,2033,51,203351
20331223,2033,51,203351
20331224,2033,51,203351
20331225,2033,52,203352
20331226,2033,52,203352
20331227,2033,52,203352
20331228,2033,52,203352
20331229,2033,52,203352
20331230,2033,52,203352
20331231,2033,52,203352
20340101,2034,1,203401
20340102,2034,1,203401
20340103,2034,1,203401
20340104,2034,1,203401
20340105,2034,1,203401
20340106,2034,1,203401
20340107,2034,1,203401
20340108,2034,2,203402
20340109,2034,2,203402
20340110,2034,2,203402
20340111,2034,2,203402
20340112,2034,2,203402
20340113,2034,2,203402
20340114,2034,2,203402
20340115,2034,3,203403
20340116,2034,3,203403
20340117,2034,3,203403
20340118,2034,3,203403
20340119,2034,3,203403
20340120,2034,3,203403
20340121,2034,3,203403
20340122,2034,4,203404
20340123,2034,4,203404
20340124,2034,4,203404
20340125,2034,4,203404
20340126,2034,4,203404
20340127,2034,4,203404
20340128,2034,4,203404
20340129,2034,5,203405
20340130,2034,5,203405
20340131,2034,5,203405
20340201,2034,5,203405
20340202,2034,5,203405
20340203,2034,5,203405
20340204,2034,5,203405
20340205,2034,6,203406
20340206,2034,6,203406
20340207,2034,6,203406
20340208,2034,6,203406
20340209,2034,6,203406
20340210,2034,6,203406
20340211,2034,6,203406
20340212,2034,7,203407
20340213,2034,7,203407
20340214,2034,7,203407
20340215,2034,7,203407
20340216,2034,7,203407
20340217,2034,7,203407
20340218,2034,7,203407
20340219,2034,8,203408
20340220,2034,8,203408
20340221,2034,8,203408
20340222,2034,8,203408
20340223,2034,8,203408
20340224,2034,8,203408
20340225,2034,8,203408
20340226,2034,9,203409
20340227,2034,9,203409
20340228,2034,9,203409
20340301,2034,9,203409
20340302,2034,9,203409
20340303,2034,9,203409
20340304,2034,9,203409
20340305,2034,10,203410
20340306,2034,10,203410
20340307,2034,10,203410
20340308,2034,10,203410
20340309,2034,10,203410
20340310,2034,10,203410
20340311,2034,10,203410
20340312,2034,11,203411
20340313,2034,11,203411
20340314,2034,11,203411
20340315,2034,11,203411
20340316,2034,11,203411
20340317,2034,11,203411
20340318,2034,11,203411
20340319,2034,12,203412
20340320,2034,12,203412
20340321,2034,12,203412
20340322,2034,12,203412
20340323,2034,12,203412
20340324,2034,12,203412
20340325,2034,12,203412
20340326,2034,13,203413
20340327,2034,13,203413
20340328,2034,13,203413
20340329,2034,13,203413
20340330,2034,13,203413
20340331,2034,13,203413
20340401,2034,13,203413
20340402,2034,14,203414
20340403,2034,14,203414
20340404,2034,14,203414
20340405,2034,14,203414
20340406,2034,14,203414
20340407,2034,14,203414
20340408,2034,14,203414
20340409,2034,15,203415
20340410,2034,15,203415
20340411,2034,15,203415
20340412,2034,15,203415
20340413,2034,15,203415
20340414,2034,15,203415
20340415,2034,15,203415
20340416,2034,16,203416
20340417,2034,16,203416
20340418,2034,16,203416
20340419,2034,16,203416
20340420,2034,16,203416
20340421,2034,16,203416
20340422,2034,16,203416
20340423,2034,17,203417
20340424,2034,17,203417
20340425,2034,17,203417
20340426,2034,17,203417
20340427,2034,17,203417
20340428,2034,17,203417
20340429,2034,17,203417
20340430,2034,18,203418
20340501,2034,18,203418
20340502,2034,18,203418
20340503,2034,18,203418
20340504,2034,18,203418
20340505,2034,18,203418
20340506,2034,18,203418
20340507,2034,19,203419
20340508,2034,19,203419
20340509,2034,19,203419
20340510,2034,19,203419
20340511,2034,19,203419
20340512,2034,19,203419
20340513,2034,19,203419
20340514,2034,20,203420
20340515,2034,20,203420
20340516,2034,20,203420
20340517,2034,20,203420
20340518,2034,20,203420
20340519,2034,20,203420
20340520,2034,20,203420
20340521,2034,21,203421
20340522,2034,21,203421
20340523,2034,21,203421
20340524,2034,21,203421
20340525,2034,21,203421
20340526,2034,21,203421
20340527,2034,21,203421
20340528,2034,22,203422
20340529,2034,22,203422
20340530,2034,22,203422
20340531,2034,22,203422
20340601,2034,22,203422
20340602,2034,22,203422
20340603,2034,22,203422
20340604,2034,23,203423
20340605,2034,23,203423
20340606,2034,23,203423
20340607,2034,23,203423
20340608,2034,23,203423
20340609,2034,23,203423
20340610,2034,23,203423
20340611,2034,24,203424
20340612,2034,24,203424
20340613,2034,24,203424
20340614,2034,24,203424
20340615,2034,24,203424
20340616,2034,24,203424
20340617,2034,24,203424
20340618,2034,25,203425
20340619,2034,25,203425
20340620,2034,25,203425
20340621,2034,25,203425
20340622,2034,25,203425
20340623,2034,25,203425
20340624,2034,25,203425
20340625,2034,26,203426
20340626,2034,26,203426
20340627,2034,26,203426
20340628,2034,26,203426
20340629,2034,26,203426
20340630,2034,26,203426
20340701,2034,26,203426
20340702,2034,27,203427
20340703,2034,27,203427
20340704,2034,27,203427
20340705,2034,27,203427
20340706,2034,27,203427
20340707,2034,27,203427
20340708,2034,27,203427
20340709,2034,28,203428
20340710,2034,28,203428
20340711,2034,28,203428
20340712,2034,28,203428
20340713,2034,28,203428
20340714,2034,28,203428
20340715,2034,28,203428
20340716,2034,29,203429
20340717,2034,29,203429
20340718,2034,29,203429
20340719,2034,29,203429
20340720,2034,29,203429
20340721,2034,29,203429
20340722,2034,29,203429
20340723,2034,30,203430
20340724,2034,30,203430
20340725,2034,30,203430
20340726,2034,30,203430
20340727,2034,30,203430
20340728,2034,30,203430
20340729,2034,30,203430
20340730,2034,31,203431
20340731,2034,31,203431
20340801,2034,31,203431
20340802,2034,31,203431
20340803,2034,31,203431
20340804,2034,31,203431
20340805,2034,31,203431
20340806,2034,32,203432
20340807,2034,32,203432
20340808,2034,32,203432
20340809,2034,32,203432
20340810,2034,32,203432
20340811,2034,32,203432
20340812,2034,32,203432
20340813,2034,33,203433
20340814,2034,33,203433
20340815,2034,33,203433
20340816,2034,33,203433
20340817,2034,33,203433
20340818,2034,33,203433
20340819,2034,33,203433
20340820,2034,34,203434
20340821,2034,34,203434
20340822,2034,34,203434
20340823,2034,34,203434
20340824,2034,34,203434
20340825,2034,34,203434
20340826,2034,34,203434
20340827,2034,35,203435
20340828,2034,35,203435
20340829,2034,35,203435
20340830,2034,35,203435
20340831,2034,35,203435
20340901,2034,35,203435
20340902,2034,35,203435
20340903,2034,36,203436
20340904,2034,36,203436
20340905,2034,36,203436
20340906,2034,36,203436
20340907,2034,36,203436
20340908,2034,36,203436
20340909,2034,36,203436
20340910,2034,37,203437
20340911,2034,37,203437
20340912,2034,37,203437
20340913,2034,37,203437
20340914,2034,37,203437
20340915,2034,37,203437
20340916,2034,37,203437
20340917,2034,38,203438
20340918,2034,38,203438
20340919,2034,38,203438
20340920,2034,38,203438
20340921,2034,38,203438
20340922,2034,38,203438
20340923,2034,38,203438
20340924,2034,39,203439
20340925,2034,39,203439
20340926,2034,39,203439
20340927,2034,39,203439
20340928,2034,39,203439
20340929,2034,39,203439
20340930,2034,39,203439
20341001,2034,40,203440
20341002,2034,40,203440
20341003,2034,40,203440
20341004,2034,40,203440
20341005,2034,40,203440
20341006,2034,40,203440
20341007,2034,40,203440
20341008,2034,41,203441
20341009,2034,41,203441
20341010,2034,41,203441
20341011,2034,41,203441
20341012,2034,41,203441
20341013,2034,41,203441
20341014,2034,41,203441
20341015,2034,42,203442
20341016,2034,42,203442
20341017,2034,42,203442
20341018,2034,42,203442
20341019,2034,42,203442
20341020,2034,42,203442
20341021,2034,42,203442
20341022,2034,43,203443
20341023,2034,43,203443
20341024,2034,43,203443
20341025,2034,43,203443
20341026,2034,43,203443
20341027,2034,43,203443
20341028,2034,43,203443
20341029,2034,44,203444
20341030,2034,44,203444
20341031,2034,44,203444
20341101,2034,44,203444
20341102,2034,44,203444
20341103,2034,44,203444
20341104,2034,44,203444
20341105,2034,45,203445
20341106,2034,45,203445
20341107,2034,45,203445
20341108,2034,45,203445
20341109,2034,45,203445
20341110,2034,45,203445
20341111,2034,45,203445
20341112,2034,46,203446
20341113,2034,46,203446
20341114,2034,46,203446
20341115,2034,46,203446
20341116,2034,46,203446
20341117,2034,46,203446
20341118,2034,46,203446
20341119,2034,47,203447
20341120,2034,47,203447
20341121,2034,47,203447
20341122,2034,47,203447
20341123,2034,47,203447
20341124,2034,47,203447
20341125,2034,47,203447
20341126,2034,48,203448
20341127,2034,48,203448
20341128,2034,48,203448
20341129,2034,48,203448
20341130,2034,48,203448
20341201,2034,48,203448
20341202,2034,48,203448
20341203,2034,49,203449
20341204,2034,49,203449
20341205,2034,49,203449
20341206,2034,49,203449
20341207,2034,49,203449
20341208,2034,49,203449
20341209,2034,49,203449
20341210,2034,50,203450
20341211,2034,50,203450
20341212,2034,50,203450
20341213,2034,50,203450
20341214,2034,50,203450
20341215,2034,50,203450
20341216,2034,50,203450
20341217,2034,51,203451
20341218,2034,51,203451
20341219,2034,51,203451
20341220,2034,51,203451
20341221,2034,51,203451
20341222,2034,51,203451
20341223,2034,51,203451
20341224,2034,52,203452
20341225,2034,52,203452
20341226,2034,52,203452
20341227,2034,52,203452
20341228,2034,52,203452
20341229,2034,52,203452
20341230,2034,52,203452
20341231,2035,1,203501
20350101,2035,1,203501
20350102,2035,1,203501
20350103,2035,1,203501
20350104,2035,1,203501
20350105,2035,1,203501
20350106,2035,1,203501
20350107,2035,2,203502
20350108,2035,2,203502
20350109,2035,2,203502
20350110,2035,2,203502
20350111,2035,2,203502
20350112,2035,2,203502
20350113,2035,2,203502
20350114,2035,3,203503
20350115,2035,3,203503
20350116,2035,3,203503
20350117,2035,3,203503
20350118,2035,3,203503
20350119,2035,3,203503
20350120,2035,3,203503
20350121,2035,4,203504
20350122,2035,4,203504
20350123,2035,4,203504
20350124,2035,4,203504
20350125,2035,4,203504
20350126,2035,4,203504
20350127,2035,4,203504
20350128,2035,5,203505
20350129,2035,5,203505
20350130,2035,5,203505
20350131,2035,5,203505
20350201,2035,5,203505
20350202,2035,5,203505
20350203,2035,5,203505
20350204,2035,6,203506
20350205,2035,6,203506
20350206,2035,6,203506
20350207,2035,6,203506
20350208,2035,6,203506
20350209,2035,6,203506
20350210,2035,6,203506
20350211,2035,7,203507
20350212,2035,7,203507
20350213,2035,7,203507
20350214,2035,7,203507
20350215,2035,7,203507
20350216,2035,7,203507
20350217,2035,7,203507
20350218,2035,8,203508
20350219,2035,8,203508
20350220,2035,8,203508
20350221,2035,8,203508
20350222,2035,8,203508
20350223,2035,8,203508
20350224,2035,8,203508
20350225,2035,9,203509
20350226,2035,9,203509
20350227,2035,9,203509
20350228,2035,9,203509
20350301,2035,9,203509
20350302,2035,9,203509
20350303,2035,9,203509
20350304,2035,10,203510
20350305,2035,10,203510
20350306,2035,10,203510
20350307,2035,10,203510
20350308,2035,10,203510
20350309,2035,10,203510
20350310,2035,10,203510
20350311,2035,11,203511
20350312,2035,11,203511
20350313,2035,11,203511
20350314,2035,11,203511
20350315,2035,11,203511
20350316,2035,11,203511
20350317,2035,11,203511
20350318,2035,12,203512
20350319,2035,12,203512
20350320,2035,12,203512
20350321,2035,12,203512
20350322,2035,12,203512
20350323,2035,12,203512
20350324,2035,12,203512
20350325,2035,13,203513
20350326,2035,13,203513
20350327,2035,13,203513
20350328,2035,13,203513
20350329,2035,13,203513
20350330,2035,13,203513
20350331,2035,13,203513
20350401,2035,14,203514
20350402,2035,14,203514
20350403,2035,14,203514
20350404,2035,14,203514
20350405,2035,14,203514
20350406,2035,14,203514
20350407,2035,14,203514
20350408,2035,15,203515
20350409,2035,15,203515
20350410,2035,15,203515
20350411,2035,15,203515
20350412,2035,15,203515
20350413,2035,15,203515
20350414,2035,15,203515
20350415,2035,16,203516
20350416,2035,16,203516
20350417,2035,16,203516
20350418,2035,16,203516
20350419,2035,16,203516
20350420,2035,16,203516
20350421,2035,16,203516
20350422,2035,17,203517
20350423,2035,17,203517
20350424,2035,17,203517
20350425,2035,17,203517
20350426,2035,17,203517
20350427,2035,17,203517
20350428,2035,17,203517
20350429,2035,18,203518
20350430,2035,18,203518
20350501,2035,18,203518
20350502,2035,18,203518
20350503,2035,18,203518
20350504,2035,18,203518
20350505,2035,18,203518
20350506,2035,19,203519
20350507,2035,19,203519
20350508,2035,19,203519
20350509,2035,19,203519
20350510,2035,19,203519
20350511,2035,19,203519
20350512,2035,19,203519
20350513,2035,20,203520
20350514,2035,20,203520
20350515,2035,20,203520
20350516,2035,20,203520
20350517,2035,20,203520
20350518,2035,20,203520
20350519,2035,20,203520
20350520,2035,21,203521
20350521,2035,21,203521
20350522,2035,21,203521
20350523,2035,21,203521
20350524,2035,21,203521
20350525,2035,21,203521
20350526,2035,21,203521
20350527,2035,22,203522
20350528,2035,22,203522
20350529,2035,22,203522
20350530,2035,22,203522
20350531,2035,22,203522
20350601,2035,22,203522
20350602,2035,22,203522
20350603,2035,23,203523
20350604,2035,23,203523
20350605,2035,23,203523
20350606,2035,23,203523
20350607,2035,23,203523
20350608,2035,23,203523
20350609,2035,23,203523
20350610,2035,24,203524
20350611,2035,24,203524
20350612,2035,24,203524
20350613,2035,24,203524
20350614,2035,24,203524
20350615,2035,24,203524
20350616,2035,24,203524
20350617,2035,25,203525
20350618,2035,25,203525
20350619,2035,25,203525
20350620,2035,25,203525
20350621,2035,25,203525
20350622,2035,25,203525
20350623,2035,25,203525
20350624,2035,26,203526
20350625,2035,26,203526
20350626,2035,26,203526
20350627,2035,26,203526
20350628,2035,26,203526
20350629,2035,26,203526
20350630,2035,26,203526
20350701,2035,27,203527
20350702,2035,27,203527
20350703,2035,27,203527
20350704,2035,27,203527
20350705,2035,27,203527
20350706,2035,27,203527
20350707,2035,27,203527
20350708,2035,28,203528
20350709,2035,28,203528
20350710,2035,28,203528
20350711,2035,28,203528
20350712,2035,28,203528
20350713,2035,28,203528
20350714,2035,28,203528
20350715,2035,29,203529
20350716,2035,29,203529
20350717,2035,29,203529
20350718,2035,29,203529
20350719,2035,29,203529
20350720,2035,29,203529
20350721,2035,29,203529
20350722,2035,30,203530
20350723,2035,30,203530
20350724,2035,30,203530
20350725,2035,30,203530
20350726,2035,30,203530
20350727,2035,30,203530
20350728,2035,30,203530
20350729,2035,31,203531
20350730,2035,31,203531
20350731,2035,31,203531
20350801,2035,31,203531
20350802,2035,31,203531
20350803,2035,31,203531
20350804,2035,31,203531
20350805,2035,32,203532
20350806,2035,32,203532
20350807,2035,32,203532
20350808,2035,32,203532
20350809,2035,32,203532
20350810,2035,32,203532
20350811,2035,32,203532
20350812,2035,33,203533
20350813,2035,33,203533
20350814,2035,33,203533
20350815,2035,33,203533
20350816,2035,33,203533
20350817,2035,33,203533
20350818,2035,33,203533
20350819,2035,34,203534
20350820,2035,34,203534
20350821,2035,34,203534
20350822,2035,34,203534
20350823,2035,34,203534
20350824,2035,34,203534
20350825,2035,34,203534
20350826,2035,35,203535
20350827,2035,35,203535
20350828,2035,35,203535
20350829,2035,35,203535
20350830,2035,35,203535
20350831,2035,35,203535
20350901,2035,35,203535
20350902,2035,36,203536
20350903,2035,36,203536
20350904,2035,36,203536
20350905,2035,36,203536
20350906,2035,36,203536
20350907,2035,36,203536
20350908,2035,36,203536
20350909,2035,37,203537
20350910,2035,37,203537
20350911,2035,37,203537
20350912,2035,37,203537
20350913,2035,37,203537
20350914,2035,37,203537
20350915,2035,37,203537
20350916,2035,38,203538
20350917,2035,38,203538
20350918,2035,38,203538
20350919,2035,38,203538
20350920,2035,38,203538
20350921,2035,38,203538
20350922,2035,38,203538
20350923,2035,39,203539
20350924,2035,39,203539
20350925,2035,39,203539
20350926,2035,39,203539
20350927,2035,39,203539
20350928,2035,39,203539
20350929,2035,39,203539
20350930,2035,40,203540
20351001,2035,40,203540
20351002,2035,40,203540
20351003,2035,40,203540
20351004,2035,40,203540
20351005,2035,40,203540
20351006,2035,40,203540
20351007,2035,41,203541
20351008,2035,41,203541
20351009,2035,41,203541
20351010,2035,41,203541
20351011,2035,41,203541
20351012,2035,41,203541
20351013,2035,41,203541
20351014,2035,42,203542
20351015,2035,42,203542
20351016,2035,42,203542
20351017,2035,42,203542
20351018,2035,42,203542
20351019,2035,42,203542
20351020,2035,42,203542
20351021,2035,43,203543
20351022,2035,43,203543
20351023,2035,43,203543
20351024,2035,43,203543
20351025,2035,43,203543
20351026,2035,43,203543
20351027,2035,43,203543
20351028,2035,44,203544
20351029,2035,44,203544
20351030,2035,44,203544
20351031,2035,44,203544
20351101,2035,44,203544
20351102,2035,44,203544
20351103,2035,44,203544
20351104,2035,45,203545
20351105,2035,45,203545
20351106,2035,45,203545
20351107,2035,45,203545
20351108,2035,45,203545
20351109,2035,45,203545
20351110,2035,45,203545
20351111,2035,46,203546
20351112,2035,46,203546
20351113,2035,46,203546
20351114,2035,46,203546
20351115,2035,46,203546
20351116,2035,46,203546
20351117,2035,46,203546
20351118,2035,47,203547
20351119,2035,47,203547
20351120,2035,47,203547
20351121,2035,47,203547
20351122,2035,47,203547
20351123,2035,47,203547
20351124,2035,47,203547
20351125,2035,48,203548
20351126,2035,48,203548
20351127,2035,48,203548
20351128,2035,48,203548
20351129,2035,48,203548
20351130,2035,48,203548
20351201,2035,48,203548
20351202,2035,49,203549
20351203,2035,49,203549
20351204,2035,49,203549
20351205,2035,49,203549
20351206,2035,49,203549
20351207,2035,49,203549
20351208,2035,49,203549
20351209,2035,50,203550
20351210,2035,50,203550
20351211,2035,50,203550
20351212,2035,50,203550
20351213,2035,50,203550
20351214,2035,50,203550
20351215,2035,50,203550
20351216,2035,51,203551
20351217,2035,51,203551
20351218,2035,51,203551
20351219,2035,51,203551
20351220,2035,51,203551
20351221,2035,51,203551
20351222,2035,51,203551
20351223,2035,52,203552
20351224,2035,52,203552
20351225,2035,52,203552
20351226,2035,52,203552
20351227,2035,52,203552
20351228,2035,52,203552
20351229,2035,52,203552
20351230,2036,1,203601
20351231,2036,1,203601
